,OPEN,HIGH,LOW,CLOSE,VOLUME,AMT
2022-04-22,0.95,0.962,0.941,0.943,99655658.0,94716101.0
2022-04-25,0.93,0.934,0.856,0.87,36788725.0,33542158.000000004
2022-04-26,0.871,0.901,0.87,0.872,21780095.0,19242449.0
2022-04-27,0.859,0.949,0.859,0.945,31728582.0,28456360.0
2022-04-28,0.943,0.968,0.923,0.952,25938238.0,24703578.0
2022-04-29,0.941,0.99,0.941,0.985,34598727.0,33592324.0
2022-05-05,0.984,1.008,0.971,0.992,36713190.0,36719314.0
2022-05-06,0.979,0.989,0.969,0.972,15025054.999999998,14658821.0
2022-05-09,0.971,1.0,0.971,0.989,14393507.999999998,14257334.0
2022-05-10,0.985,1.032,0.985,1.01,70156480.0,71372610.0
2022-05-11,1.013,1.062,1.013,1.044,68735578.0,71865890.0
2022-05-12,1.041,1.043,1.024,1.03,29046943.0,30027603.0
2022-05-13,1.028,1.046,1.028,1.04,18698278.0,19402680.0
2022-05-16,1.039,1.059,1.024,1.024,13747201.0,14283064.0
2022-05-17,1.022,1.065,1.022,1.061,14992457.0,15743940.0
2022-05-18,1.061,1.085,1.057,1.078,20847847.0,22282163.0
2022-05-19,1.065,1.141,1.061,1.132,24532663.0,27265033.0
2022-05-20,1.144,1.146,1.121,1.145,20496954.0,23224156.0
2022-05-23,1.143,1.143,1.12,1.139,15765434.0,17839129.0
2022-05-24,1.138,1.148,1.1,1.105,28795527.0,32630912.0
2022-05-25,1.1,1.117,1.094,1.115,23258942.0,25733915.0
2022-05-26,1.116,1.129,1.094,1.11,17399569.0,19342654.0
2022-05-27,1.11,1.128,1.097,1.104,11434830.0,12735279.0
2022-05-30,1.11,1.111,1.095,1.11,11062313.0,12215244.0
2022-05-31,1.128,1.145,1.111,1.141,12378586.0,13928209.0
2022-06-01,1.142,1.142,1.125,1.131,12625022.0,14277700.0
2022-06-02,1.132,1.16,1.128,1.16,9869248.0,11367951.0
2022-06-06,1.162,1.23,1.162,1.213,12776572.0,15437706.0
2022-06-07,1.213,1.274,1.213,1.219,5938420.0,7299511.0
2022-06-08,1.219,1.224,1.191,1.216,7236269.0,8759013.0
2022-06-09,1.216,1.229,1.2,1.207,15456528.0,18842732.0
2022-06-10,1.207,1.241,1.19,1.238,7485732.000000001,9152410.0
2022-06-13,1.238,1.273,1.227,1.245,8948480.0,11096757.0
2022-06-14,1.245,1.245,1.181,1.227,6858250.0,8269739.0
2022-06-15,1.228,1.244,1.198,1.219,9387365.0,11380250.0
2022-06-16,1.212,1.253,1.212,1.239,13858554.999999998,17121496.0
2022-06-17,1.236,1.269,1.23,1.267,10694910.0,13480824.0
2022-06-20,1.267,1.298,1.261,1.281,6578919.0,8404077.0
2022-06-21,1.281,1.299,1.251,1.266,15974713.0,20284910.0
2022-06-22,1.265,1.309,1.255,1.283,15938699.0,20593252.0
2022-06-23,1.285,1.306,1.265,1.305,13378213.0,17208337.0
2022-06-24,1.305,1.345,1.305,1.343,16275547.0,21732694.0
2022-06-27,1.394,1.394,1.331,1.345,6909427.0,9279411.0
2022-06-28,1.345,1.375,1.322,1.372,17759333.0,23890117.0
2022-06-29,1.371,1.371,1.305,1.309,16405516.0,22049628.0
2022-06-30,1.309,1.37,1.306,1.359,15238317.000000002,20364792.0
2022-07-01,1.357,1.375,1.333,1.359,11399330.0,15403542.0
2022-07-04,1.351,1.369,1.314,1.363,17759295.0,23991981.0
2022-07-05,1.351,1.384,1.351,1.382,12642434.0,17300764.0
2022-07-06,1.383,1.394,1.36,1.375,16362239.000000002,22625796.0
2022-07-07,1.373,1.419,1.351,1.414,16070532.0,22175303.0
2022-07-08,1.423,1.44,1.377,1.388,14470504.0,20267895.0
2022-07-11,1.391,1.391,1.332,1.352,17401710.0,23521456.0
2022-07-12,1.352,1.38,1.338,1.345,14786826.999999998,20083586.0
2022-07-13,1.343,1.383,1.322,1.372,17764407.0,23941233.0
2022-07-14,1.371,1.433,1.366,1.42,17192902.0,24175311.0
2022-07-15,1.421,1.432,1.408,1.411,14613907.999999998,20788177.0
2022-07-18,1.412,1.413,1.375,1.405,17272314.0,24083418.0
2022-07-19,1.405,1.405,1.368,1.385,16658400.0,23083660.0
2022-07-20,1.385,1.405,1.367,1.386,12744900.0,17609556.0
2022-07-21,1.386,1.4,1.369,1.378,16270834.0,22513944.0
2022-07-22,1.365,1.404,1.365,1.386,18746618.0,25913550.0
2022-07-25,1.384,1.384,1.341,1.346,20348838.0,27598059.0
2022-07-26,1.344,1.38,1.331,1.365,19238605.0,26000333.0
2022-07-27,1.365,1.411,1.361,1.41,23425303.0,32559394.0
2022-07-28,1.416,1.435,1.4,1.413,18701306.0,26458406.0
2022-07-29,1.413,1.436,1.404,1.411,18351004.0,26079595.0
2022-08-01,1.411,1.417,1.376,1.412,19606202.0,27301627.0
2022-08-02,1.399,1.41,1.371,1.387,18777808.0,26172426.0
2022-08-03,1.399,1.419,1.336,1.351,21874707.0,30190992.0
2022-08-04,1.351,1.37,1.321,1.34,21781931.0,29264586.0
2022-08-05,1.345,1.351,1.322,1.34,17920100.0,23965996.0
2022-08-08,1.34,1.358,1.312,1.358,20074713.0,26896202.0
2022-08-09,1.358,1.418,1.354,1.4,25873208.0,36238224.0
2022-08-10,1.4,1.416,1.38,1.403,16424906.0,22945676.0
2022-08-11,1.406,1.409,1.382,1.409,15000926.999999998,20944008.0
2022-08-12,1.408,1.409,1.383,1.386,13852003.0,19360976.0
2022-08-15,1.386,1.448,1.386,1.442,20849609.0,29913661.0
2022-08-16,1.442,1.478,1.436,1.461,21896926.0,31875139.0
2022-08-17,1.463,1.496,1.459,1.466,21776204.0,32252392.0
2022-08-18,1.465,1.499,1.452,1.496,18304003.0,27206209.0
2022-08-19,1.496,1.496,1.441,1.462,21052600.0,30864838.0
2022-08-22,1.459,1.459,1.424,1.449,20984602.0,30323564.0
2022-08-23,1.457,1.485,1.438,1.467,17295278.0,25520325.0
2022-08-24,1.467,1.472,1.421,1.425,19027900.0,27602482.0
2022-08-25,1.428,1.442,1.376,1.397,22328700.0,31183548.0
2022-08-26,1.393,1.413,1.372,1.377,19786702.0,27617522.0
2022-08-29,1.377,1.403,1.344,1.399,17800700.0,24811865.0
2022-08-30,1.4,1.406,1.372,1.375,18967223.0,26409612.0
2022-08-31,1.375,1.375,1.29,1.3,24646702.0,32616078.0
2022-09-01,1.297,1.302,1.28,1.288,18714400.0,24162970.0
2022-09-02,1.286,1.292,1.253,1.273,21473932.0,27325273.0
2022-09-05,1.273,1.307,1.266,1.293,19252400.0,24937574.0
2022-09-06,1.293,1.354,1.28,1.353,17723900.0,23167007.0
2022-09-07,1.353,1.393,1.329,1.369,18514600.0,25502102.0
2022-09-08,1.369,1.385,1.362,1.365,12020001.0,16540431.0
2022-09-09,1.362,1.363,1.328,1.345,17439600.0,23358210.0
2022-09-13,1.347,1.351,1.317,1.336,16197301.999999998,21587453.0
2022-09-14,1.32,1.342,1.307,1.315,14983804.0,19762778.0
2022-09-15,1.32,1.335,1.219,1.23,26290113.0,32976544.0
2022-09-16,1.226,1.25,1.216,1.218,22259803.0,27510959.0
2022-09-19,1.206,1.23,1.195,1.204,29362034.999999996,35536108.0
2022-09-20,1.208,1.26,1.208,1.241,17660914.0,21966713.0
2022-09-21,1.241,1.249,1.217,1.226,21700800.0,26805601.0
2022-09-22,1.226,1.249,1.201,1.23,20099600.0,24805686.0
2022-09-23,1.227,1.253,1.207,1.235,21884428.0,26800216.0
2022-09-26,1.235,1.258,1.209,1.237,25379205.0,31431194.0
2022-09-27,1.233,1.255,1.227,1.243,19632800.0,24265744.0
2022-09-28,1.245,1.258,1.199,1.202,19634900.0,23982335.0
2022-09-29,1.203,1.226,1.19,1.225,19773601.0,23897821.0
2022-09-30,1.21,1.223,1.183,1.188,19628700.0,23504650.0
2022-10-10,1.188,1.203,1.157,1.166,18621213.0,21916154.0
2022-10-11,1.169,1.185,1.165,1.175,23180800.0,27181003.0
2022-10-12,1.18,1.22,1.142,1.218,20348675.0,23640724.0
2022-10-13,1.219,1.245,1.202,1.215,19494402.0,23985218.0
2022-10-14,1.223,1.285,1.213,1.272,21084500.0,26019881.0
2022-10-17,1.265,1.265,1.225,1.257,21671643.0,26764925.0
2022-10-18,1.257,1.275,1.245,1.258,14622800.0,18343006.0
2022-10-19,1.258,1.27,1.237,1.238,16390400.0,20599510.0
2022-10-20,1.236,1.236,1.192,1.209,18806700.0,22624695.0
2022-10-21,1.228,1.228,1.199,1.21,18482300.0,22435808.0
2022-10-24,1.211,1.217,1.179,1.188,19812400.0,23897800.0
2022-10-25,1.188,1.236,1.182,1.225,24082501.0,29093231.0
2022-10-26,1.225,1.255,1.215,1.25,21866800.0,26913673.0
2022-10-27,1.255,1.299,1.247,1.25,19414101.0,24743938.0
2022-10-28,1.247,1.247,1.189,1.203,19916200.0,24474297.0
2022-10-31,1.204,1.213,1.179,1.182,24360800.0,29218376.0
2022-11-01,1.182,1.232,1.182,1.23,21323001.0,25807812.0
2022-11-02,1.23,1.256,1.219,1.249,20219301.0,24915453.0
2022-11-03,1.241,1.28,1.239,1.262,22352500.0,28341368.0
2022-11-04,1.264,1.316,1.264,1.315,17332102.0,22369434.0
2022-11-07,1.308,1.324,1.299,1.307,17339800.0,22714761.0
2022-11-08,1.302,1.306,1.275,1.289,14400100.0,18533807.0
2022-11-09,1.288,1.288,1.262,1.269,16528401.0,21037559.0
2022-11-10,1.26,1.3,1.226,1.239,19319000.0,24004244.0
2022-11-11,1.267,1.299,1.235,1.24,17826703.0,22244691.0
2022-11-14,1.241,1.241,1.193,1.199,26000500.0,31516287.0
2022-11-15,1.199,1.224,1.199,1.223,23843701.0,28869720.0
2022-11-16,1.224,1.235,1.202,1.204,20058900.0,24283900.0
2022-11-17,1.196,1.198,1.173,1.185,17510700.0,20682976.0
2022-11-18,1.192,1.209,1.17,1.192,20881800.0,25029643.0
2022-11-21,1.19,1.202,1.179,1.194,14925700.0,17765111.0
2022-11-22,1.194,1.194,1.161,1.17,22769100.0,26685209.0
2022-11-23,1.156,1.207,1.156,1.202,21899412.0,25712410.0
2022-11-24,1.204,1.214,1.197,1.198,14635400.0,17611944.0
2022-11-25,1.193,1.193,1.167,1.168,11764200.0,13808911.0
2022-11-28,1.161,1.163,1.141,1.16,13862400.0,15997603.0
2022-11-29,1.16,1.17,1.142,1.16,14258700.0,16544848.999999998
2022-11-30,1.16,1.174,1.154,1.161,9918700.0,11527022.0
2022-12-01,1.165,1.186,1.165,1.175,8486888.0,10001486.0
2022-12-02,1.175,1.202,1.171,1.194,13834000.0,16527836.0
2022-12-05,1.194,1.194,1.15,1.157,18875000.0,21855156.0
2022-12-06,1.157,1.161,1.135,1.151,12146201.0,13920956.0
2022-12-07,1.143,1.16,1.139,1.145,10391505.0,11946292.0
2022-12-08,1.144,1.177,1.143,1.158,19720100.0,22926590.0
2022-12-09,1.158,1.158,1.142,1.148,11245424.0,12905002.0
2022-12-12,1.14,1.14,1.121,1.131,10709928.0,12117425.0
2022-12-13,1.128,1.132,1.1,1.104,12357100.0,13725577.0
2022-12-14,1.101,1.106,1.088,1.093,6289600.0,6891549.0
2022-12-15,1.091,1.111,1.086,1.109,11879805.0,13037728.0
2022-12-16,1.096,1.102,1.077,1.079,12710605.0,13779008.0
2022-12-19,1.069,1.094,1.069,1.083,8364700.0,9073282.0
2022-12-20,1.082,1.082,1.064,1.076,8589406.0,9207472.0
2022-12-21,1.074,1.076,1.045,1.05,14843313.0,15708953.0
2022-12-22,1.054,1.054,1.019,1.021,10625605.0,11017231.0
2022-12-23,1.01,1.021,0.994,1.003,13449106.0,13503761.0
2022-12-26,1.001,1.068,1.001,1.067,16855400.0,17478625.0
2022-12-27,1.067,1.094,1.067,1.09,10709500.0,11568338.0
2022-12-28,1.092,1.107,1.07,1.095,11821800.0,12926604.0
2022-12-29,1.089,1.108,1.086,1.096,11697400.0,12849464.0
2022-12-30,1.096,1.112,1.09,1.105,9059404.0,10002416.0
2023-01-03,1.104,1.123,1.084,1.118,9924700.0,10932907.0
2023-01-04,1.107,1.118,1.084,1.095,10317100.0,11352898.0
2023-01-05,1.084,1.116,1.084,1.109,10959347.0,12070577.0
2023-01-06,1.109,1.178,1.109,1.163,17075802.0,19897149.0
2023-01-09,1.167,1.184,1.152,1.168,18125700.0,21269392.0
2023-01-10,1.167,1.188,1.129,1.173,10834850.0,12767193.0
2023-01-11,1.172,1.177,1.155,1.155,9840207.0,11478966.0
2023-01-12,1.158,1.175,1.157,1.159,8187505.0,9541240.0
2023-01-13,1.161,1.166,1.147,1.158,7642714.999999999,8850959.0
2023-01-16,1.156,1.186,1.149,1.17,9554900.0,11138570.0
2023-01-17,1.17,1.181,1.166,1.174,8209007.000000001,9628849.0
2023-01-18,1.174,1.184,1.168,1.177,9843500.0,11590829.0
2023-01-19,1.177,1.18,1.163,1.171,8999300.0,10525531.0
2023-01-20,1.171,1.197,1.171,1.196,8363003.999999999,9971398.0
2023-01-30,1.198,1.22,1.198,1.204,10599701.0,12816046.0
2023-01-31,1.202,1.222,1.2,1.216,5217401.0,6343661.0
2023-02-01,1.226,1.227,1.19,1.211,6923800.0,8339980.0
2023-02-02,1.21,1.213,1.197,1.199,8224469.0,9898951.0
2023-02-03,1.196,1.196,1.164,1.185,6652202.0,7796031.0
2023-02-06,1.176,1.179,1.165,1.172,7324900.0,8562774.0
2023-02-07,1.172,1.181,1.162,1.169,8469300.0,9893389.0
2023-02-08,1.169,1.177,1.162,1.164,7800706.0,9106843.0
2023-02-09,1.153,1.187,1.152,1.179,4310300.0,5079589.0
2023-02-10,1.177,1.178,1.159,1.163,7548900.0,8782161.0
2023-02-13,1.162,1.172,1.158,1.162,2730504.0,3177071.0
2023-02-14,1.162,1.17,1.154,1.165,7339300.0,8511373.0
2023-02-15,1.163,1.177,1.154,1.157,5358600.0,6230240.0
2023-02-16,1.155,1.166,1.132,1.146,13249900.0,15325392.0
2023-02-17,1.139,1.14,1.112,1.117,10114004.0,11399487.0
2023-02-20,1.109,1.135,1.103,1.135,8472300.0,9490161.0
2023-02-21,1.132,1.159,1.13,1.153,14222900.0,16180115.0
2023-02-22,1.15,1.161,1.13,1.142,9999500.0,11462139.0
2023-02-23,1.139,1.173,1.139,1.166,11236700.0,13043497.0
2023-02-24,1.165,1.179,1.146,1.152,8891401.0,10239372.0
2023-02-27,1.143,1.174,1.138,1.152,8677000.0,10065738.0
2023-02-28,1.153,1.157,1.14,1.154,8388000.0,9620079.0
2023-03-01,1.152,1.153,1.138,1.146,9368200.0,10710109.0
2023-03-02,1.145,1.146,1.121,1.121,9508200.0,10761152.0
2023-03-03,1.123,1.13,1.118,1.119,10065600.0,11342293.0
2023-03-06,1.118,1.165,1.114,1.158,15784842.000000002,17764135.0
2023-03-07,1.158,1.163,1.146,1.149,10624500.0,12238007.0
2023-03-08,1.149,1.164,1.129,1.143,9075600.0,10369663.0
2023-03-09,1.152,1.158,1.127,1.133,12401007.0,14053816.0
2023-03-10,1.126,1.129,1.11,1.123,8462600.0,9442633.0
2023-03-13,1.123,1.128,1.112,1.114,10877800.0,12179273.0
2023-03-14,1.106,1.122,1.071,1.093,17140100.0,18528478.0
2023-03-15,1.094,1.117,1.092,1.093,12084800.0,13260845.0
2023-03-16,1.086,1.086,1.04,1.041,17489102.0,18550029.0
2023-03-17,1.051,1.051,1.033,1.04,9042800.0,9412170.0
2023-03-20,1.03,1.059,1.019,1.047,16582846.0,17306980.0
2023-03-21,1.047,1.054,1.034,1.051,16426907.999999998,17055897.0
2023-03-22,1.06,1.067,1.045,1.049,12803800.0,13457068.0
2023-03-23,1.045,1.053,1.041,1.051,14214804.0,14874740.0
2023-03-24,1.051,1.06,1.031,1.05,14084600.0,14769856.0
2023-03-27,1.052,1.075,1.043,1.074,9594400.0,10201571.0
2023-03-28,1.073,1.073,1.054,1.058,14637100.0,15550943.0
2023-03-29,1.06,1.073,1.052,1.058,9001700.0,9551627.0
2023-03-30,1.06,1.07,1.046,1.069,13144400.0,13896600.0
2023-03-31,1.077,1.087,1.068,1.071,10237300.0,11055804.0
2023-04-03,1.071,1.091,1.067,1.085,12358700.0,13333887.0
2023-04-04,1.085,1.085,1.049,1.06,14216113.0,15124606.0
2023-04-06,1.053,1.068,1.049,1.065,12590600.0,13292787.0
2023-04-07,1.065,1.073,1.061,1.062,11693100.0,12479989.0
2023-04-10,1.062,1.08,1.062,1.08,12369400.0,13241815.0
2023-04-11,1.078,1.082,1.067,1.081,13983017.000000002,14970218.0
2023-04-12,1.088,1.088,1.052,1.059,12760906.0,13502671.0
2023-04-13,1.066,1.066,1.047,1.049,13233400.0,13939011.0
2023-04-14,1.048,1.058,1.04,1.053,17720100.0,18655963.0
2023-04-17,1.053,1.068,1.053,1.057,11558300.0,12235464.0
2023-04-18,1.057,1.076,1.056,1.071,13575406.0,14508262.0
2023-04-19,1.069,1.069,1.054,1.059,13350800.0,14119746.0
2023-04-20,1.059,1.059,1.031,1.036,13722803.0,14222559.0
2023-04-21,1.038,1.05,1.026,1.026,13992900.0,14523713.0
2023-04-24,1.026,1.026,0.992,1.002,18239000.0,18263458.0
2023-04-25,1.012,1.013,0.97,0.973,17952447.0,17655092.0
2023-04-26,0.971,1.051,0.97,1.039,27333200.0,27902521.0
2023-04-27,1.04,1.04,1.013,1.024,11474000.0,11741818.0
2023-04-28,1.02,1.033,1.01,1.025,13773700.0,14058439.0
2023-05-04,1.012,1.035,1.006,1.015,15787400.0,16180206.0
2023-05-05,1.011,1.011,0.982,0.994,10698700.0,10592918.0
2023-05-08,0.993,1.005,0.983,0.998,16724100.0,16570383.999999998
2023-05-09,1.0,1.0,0.98,0.982,13278700.0,13105859.0
2023-05-10,0.976,0.995,0.966,0.989,18663201.0,18244160.0
2023-05-11,0.986,1.004,0.981,0.987,8746700.0,8669178.0
2023-05-12,0.983,0.989,0.968,0.969,5813300.0,5673116.0
2023-05-15,0.968,1.002,0.968,1.001,10603400.0,10531971.0
2023-05-16,1.001,1.019,0.998,1.002,9377400.0,9461922.0
2023-05-17,1.004,1.014,0.998,1.007,4526906.0,4549803.0
2023-05-18,1.002,1.015,0.985,0.994,6504600.0,6457974.0
2023-05-19,0.997,0.997,0.983,0.987,5632600.0,5561105.0
2023-05-22,0.987,0.999,0.983,0.993,5494800.0,5446502.0
2023-05-23,1.0,1.008,0.987,0.991,4776100.0,4759597.0
2023-05-24,0.991,1.022,0.986,1.012,14638500.0,14689455.0
2023-05-25,1.007,1.038,1.005,1.032,10938900.0,11211405.0
2023-05-26,1.031,1.031,0.993,1.003,8896800.0,8906241.0
2023-05-29,0.995,1.0,0.965,0.974,23420500.0,22801513.0
2023-05-30,0.973,0.976,0.949,0.959,14316209.0,13729152.0
2023-05-31,0.957,0.961,0.942,0.946,18858600.0,17853801.0
2023-06-01,0.944,0.954,0.934,0.937,14077400.0,13273814.0
2023-06-02,0.937,0.949,0.933,0.946,7363400.0,6947861.0
2023-06-05,0.946,0.946,0.923,0.925,10029200.0,9312077.0
2023-06-06,0.929,0.929,0.907,0.917,8912400.0,8168065.0
2023-06-07,0.917,0.917,0.9,0.904,11331100.0,10250892.0
2023-06-08,0.9,0.918,0.9,0.905,6132000.0,5597701.0
2023-06-09,0.906,0.916,0.897,0.916,11215400.0,10157823.0
2023-06-12,0.903,0.929,0.903,0.924,10293301.0,9454231.0
2023-06-13,0.921,0.928,0.916,0.922,4406100.0,4053691.0
2023-06-14,0.921,0.925,0.91,0.91,6217000.0,5692897.0
2023-06-15,0.91,0.96,0.907,0.959,25226900.0,23761550.0
2023-06-16,0.96,0.978,0.954,0.975,11562702.0,11209139.0
2023-06-19,0.971,0.978,0.964,0.973,7525800.0,7300869.0
2023-06-20,0.971,0.982,0.966,0.975,10481800.0,10204547.0
2023-06-21,0.973,0.987,0.961,0.961,9131400.0,8903823.0
2023-06-26,0.954,0.987,0.948,0.969,14244501.0,13724505.0
2023-06-27,0.969,0.997,0.967,0.978,9367000.0,9161425.0
2023-06-28,0.967,0.991,0.967,0.986,8088500.0,7954185.0
2023-06-29,0.986,1.007,0.982,0.991,28683300.0,28515757.0
2023-06-30,0.99,1.002,0.97,0.997,22141800.0,21791818.0
2023-07-03,0.997,1.013,0.995,0.996,9637400.0,9666618.0
2023-07-04,0.997,1.003,0.983,0.987,10137300.0,10016857.0
2023-07-05,0.987,0.989,0.971,0.973,3516900.0,3444835.0
2023-07-06,0.972,0.978,0.965,0.97,5884304.0,5712995.0
2023-07-07,0.969,0.969,0.952,0.953,5483800.0,5266442.0
2023-07-10,0.952,0.993,0.952,0.983,13137500.0,12882015.0
2023-07-11,0.986,0.986,0.968,0.976,6037600.0,5880354.0
2023-07-12,0.983,0.995,0.962,0.983,9360300.0,9171453.0
2023-07-13,0.983,1.003,0.982,0.991,5854600.0,5797254.0
2023-07-14,0.992,0.992,0.972,0.974,5879500.0,5750455.0
2023-07-17,0.977,0.984,0.964,0.969,9558300.0,9281056.0
2023-07-18,0.97,0.97,0.956,0.961,14367500.0,13828968.0
2023-07-19,0.961,0.961,0.944,0.949,11072400.0,10501254.0
2023-07-20,0.949,0.955,0.941,0.942,10716250.0,10150104.0
2023-07-21,0.942,0.942,0.929,0.932,8835300.0,8243566.000000001
2023-07-24,0.932,0.934,0.921,0.923,4686700.0,4339754.0
2023-07-25,0.93,0.941,0.93,0.938,4203800.0,3936637.0
2023-07-26,0.938,0.949,0.933,0.94,4139000.0,3902955.0
2023-07-27,0.936,0.945,0.927,0.929,5746000.0,5359374.0
2023-07-28,0.926,0.94,0.918,0.938,5595400.0,5213541.0
2023-07-31,0.94,0.953,0.939,0.944,6160306.0,5825344.0
2023-08-01,0.945,0.945,0.925,0.93,7942000.0,7403151.0
2023-08-02,0.931,0.933,0.923,0.926,3185301.0,2951336.0
2023-08-03,0.926,0.946,0.926,0.939,10971800.0,10303205.0
2023-08-04,0.944,0.95,0.936,0.946,6068001.0,5733434.0
2023-08-07,0.946,0.955,0.92,0.936,11601800.0,10828510.0
2023-08-08,0.946,0.946,0.918,0.928,4237900.0,3952148.0
2023-08-09,0.928,0.93,0.922,0.925,2791200.0,2584344.0
2023-08-10,0.925,0.94,0.925,0.936,5385300.0,5033302.0
2023-08-11,0.936,0.936,0.915,0.916,5728200.0,5279341.0
2023-08-14,0.908,0.909,0.896,0.909,12808100.0,11551348.0
2023-08-15,0.9,0.906,0.878,0.884,10964100.0,9745985.0
2023-08-16,0.885,0.889,0.87,0.871,8403100.0,7364471.0
2023-08-17,0.871,0.873,0.859,0.871,7020200.0,6088589.0
2023-08-18,0.873,0.883,0.866,0.867,8598400.0,7499114.0
2023-08-21,0.891,0.891,0.842,0.844,7981200.0,6796394.0
2023-08-22,0.842,0.848,0.816,0.833,9104500.0,7544260.0
2023-08-23,0.826,0.831,0.808,0.809,4809700.0,3932758.0
2023-08-24,0.809,0.835,0.809,0.827,7094310.000000001,5853173.0
2023-08-25,0.821,0.833,0.817,0.822,5381500.0,4433016.0
2023-08-28,0.853,0.87,0.828,0.833,8054900.0,6864741.0
2023-08-29,0.831,0.852,0.83,0.85,5501904.0,4634101.0
2023-08-30,0.85,0.864,0.848,0.853,4938800.0,4223111.0
2023-08-31,0.848,0.849,0.84,0.841,3419500.0,2886085.0
2023-09-01,0.841,0.846,0.838,0.84,1744100.0,1466185.0
2023-09-04,0.845,0.849,0.834,0.845,3695500.0,3110262.0
2023-09-05,0.842,0.86,0.837,0.856,5748300.0,4888841.0
2023-09-06,0.854,0.854,0.839,0.843,4214200.0,3550273.0
2023-09-07,0.842,0.842,0.82,0.82,3787900.0,3131703.0
2023-09-08,0.817,0.821,0.807,0.808,3970300.0,3215930.0
2023-09-11,0.81,0.821,0.804,0.817,6975200.0,5692413.0
2023-09-12,0.813,0.823,0.81,0.818,4721400.0,3858708.0
2023-09-13,0.816,0.817,0.803,0.807,3378500.0,2731456.0
2023-09-14,0.808,0.808,0.796,0.799,2884000.0,2308572.0
2023-09-15,0.799,0.804,0.792,0.796,2256900.0,1798970.0
2023-09-18,0.796,0.806,0.787,0.798,2400015.0,1913442.0
2023-09-19,0.799,0.799,0.784,0.787,5456000.0,4296663.0
2023-09-20,0.783,0.787,0.777,0.778,4744100.0,3703222.0
2023-09-21,0.776,0.778,0.769,0.769,2725800.0,2107870.0
2023-09-22,0.766,0.783,0.766,0.782,4980809.0,3871681.0
2023-09-25,0.776,0.787,0.773,0.784,3390100.0,2648907.0
2023-09-26,0.787,0.788,0.78,0.782,6270500.0,4909279.0
2023-09-27,0.781,0.815,0.781,0.807,10244000.0,8229365.0
2023-09-28,0.809,0.812,0.805,0.81,2445301.0,1977311.0
2023-10-09,0.809,0.809,0.797,0.805,3235502.0,2599141.0
2023-10-10,0.805,0.807,0.793,0.794,1974400.0,1577066.0
2023-10-11,0.796,0.809,0.792,0.796,1423800.0,1137315.0
2023-10-12,0.796,0.809,0.794,0.807,3578500.0,2876284.0
2023-10-13,0.807,0.807,0.786,0.794,2930800.0,2317105.0
2023-10-16,0.777,0.791,0.772,0.775,4522700.0,3524212.0
2023-10-17,0.775,0.781,0.77,0.777,3944901.0,3060228.0
2023-10-18,0.77,0.771,0.762,0.762,4919700.0,3770955.0
2023-10-19,0.761,0.764,0.751,0.756,5507800.0,4185609.0000000005
2023-10-20,0.755,0.767,0.749,0.759,6401700.0,4845683.0
2023-10-23,0.757,0.757,0.73,0.733,4026500.0,2964371.0
2023-10-24,0.733,0.739,0.727,0.736,2790800.0,2048793.0000000002
2023-10-25,0.738,0.749,0.732,0.734,2030600.0,1501871.0
2023-10-26,0.731,0.731,0.707,0.719,4267500.0,3044356.0
2023-10-27,0.711,0.747,0.711,0.743,4946400.0,3621785.0
2023-10-30,0.737,0.753,0.737,0.75,4634100.0,3444714.0
2023-10-31,0.746,0.75,0.732,0.737,2295000.0,1695638.0
2023-11-01,0.738,0.739,0.724,0.726,2676000.0,1954040.0
2023-11-02,0.728,0.729,0.71,0.711,3474500.0,2486875.0
2023-11-03,0.716,0.727,0.711,0.725,4084400.0,2956446.0
2023-11-06,0.726,0.75,0.725,0.746,10035900.0,7469357.0
2023-11-07,0.748,0.752,0.739,0.75,2246000.0,1677689.0
2023-11-08,0.748,0.755,0.744,0.749,4907600.0,3680956.0
2023-11-09,0.749,0.773,0.749,0.767,8818100.0,6761858.0
2023-11-10,0.767,0.767,0.75,0.754,5768400.0,4344427.0
2023-11-13,0.761,0.762,0.752,0.758,2144400.0,1623671.0
2023-11-14,0.76,0.767,0.754,0.76,8221600.0,6223028.0
2023-11-15,0.771,0.778,0.764,0.769,5114100.0,3942664.0
2023-11-16,0.764,0.765,0.749,0.751,9734400.0,7357745.0
2023-11-17,0.751,0.752,0.743,0.749,4896500.0,3651316.0
2023-11-20,0.75,0.751,0.739,0.75,6971500.0,5189531.0
2023-11-21,0.749,0.754,0.742,0.743,3255400.0,2437500.0
2023-11-22,0.743,0.743,0.729,0.73,7168400.0,5247200.0
2023-11-23,0.729,0.732,0.725,0.732,1321200.0,964198.0
2023-11-24,0.729,0.729,0.72,0.72,3754500.0,2712316.0
2023-11-27,0.715,0.716,0.705,0.709,5517800.0,3910331.0
2023-11-28,0.708,0.712,0.704,0.71,7450900.0,5286468.0
2023-11-29,0.71,0.71,0.7,0.701,3163600.0,2222425.0
2023-11-30,0.701,0.704,0.692,0.696,1920000.0,1339045.0
2023-12-01,0.695,0.695,0.685,0.691,7642100.0,5273306.0
2023-12-04,0.69,0.692,0.683,0.684,3533000.0,2425713.0
2023-12-05,0.682,0.686,0.671,0.683,3067600.0,2084422.0
2023-12-06,0.672,0.683,0.669,0.678,3289000.0,2224592.0
2023-12-07,0.678,0.678,0.664,0.67,4376702.0,2924876.0
2023-12-08,0.672,0.675,0.667,0.669,2432200.0,1629256.0
2023-12-11,0.666,0.671,0.654,0.67,6626100.0,4382164.0
2023-12-12,0.668,0.67,0.661,0.664,2896800.0,1927546.0
2023-12-13,0.664,0.664,0.646,0.647,5128100.0,3343555.0
2023-12-14,0.649,0.658,0.644,0.645,2576300.0,1673266.0
2023-12-15,0.646,0.662,0.646,0.649,3890200.0,2538937.0
2023-12-18,0.649,0.649,0.63,0.634,4666026.0,2977351.0
2023-12-19,0.634,0.648,0.633,0.641,12136700.0,7786616.0
2023-12-20,0.643,0.643,0.636,0.636,9455800.0,6049437.0
2023-12-21,0.636,0.663,0.635,0.657,6582500.0,4282034.0
2023-12-22,0.658,0.674,0.648,0.667,11404100.0,7581784.0
2023-12-25,0.665,0.672,0.663,0.669,2638800.0,1761520.0
2023-12-26,0.666,0.671,0.662,0.666,5977300.0,3974638.0
2023-12-27,0.665,0.667,0.656,0.664,2622600.0,1736020.0
2023-12-28,0.662,0.719,0.662,0.719,18560413.0,12948402.0
2023-12-29,0.718,0.718,0.705,0.71,7320300.0,5201273.0
2024-01-02,0.71,0.71,0.699,0.7,3689700.0,2596419.0
2024-01-03,0.698,0.705,0.694,0.701,6457900.0,4497761.0
2024-01-04,0.701,0.701,0.683,0.688,3746500.0,2583263.0
2024-01-05,0.685,0.697,0.67,0.674,8764200.0,6008140.0
2024-01-08,0.675,0.684,0.671,0.672,3016000.0,2038741.0
2024-01-09,0.672,0.7,0.663,0.687,5938100.0,4054903.0
2024-01-10,0.685,0.707,0.677,0.694,5781801.0,4016959.0
2024-01-11,0.693,0.705,0.693,0.704,4536200.0,3178175.0
2024-01-12,0.706,0.722,0.697,0.707,6370100.0,4534017.0
2024-01-15,0.705,0.708,0.696,0.698,2896900.0,2031882.0
2024-01-16,0.694,0.713,0.691,0.708,6429600.0,4517770.0
2024-01-17,0.71,0.71,0.688,0.689,5295100.0,3688203.0
2024-01-18,0.687,0.715,0.682,0.712,11517200.0,8064939.0
2024-01-19,0.713,0.719,0.699,0.699,7981300.0,5633454.0
2024-01-22,0.709,0.709,0.675,0.675,10786400.0,7452222.0
2024-01-23,0.673,0.704,0.673,0.694,7808600.0,5421738.0
2024-01-24,0.7,0.705,0.664,0.685,7604500.0,5169792.0
2024-01-25,0.679,0.691,0.666,0.691,8580500.0,5802903.0
2024-01-26,0.691,0.693,0.678,0.678,5493200.0,3761114.0
2024-01-29,0.678,0.678,0.611,0.638,11886000.0,7674818.0
2024-01-30,0.641,0.641,0.62,0.621,4745300.0,2989763.0
2024-01-31,0.634,0.634,0.606,0.606,5310000.0,3264899.0
2024-02-01,0.606,0.628,0.605,0.617,15150600.0,9384843.0
2024-02-02,0.618,0.618,0.576,0.593,7489100.0,4493157.0
2024-02-05,0.58,0.592,0.552,0.586,8333400.0,4786853.0
2024-02-06,0.584,0.614,0.57,0.612,7177800.0,4267074.0
2024-02-07,0.617,0.634,0.614,0.626,6383700.0,3995577.0
2024-02-08,0.629,0.645,0.627,0.64,6263500.0,4005072.0
2024-02-19,0.645,0.648,0.634,0.639,5984100.0,3827215.0
2024-02-20,0.638,0.638,0.626,0.637,16804000.0,10574763.0
2024-02-21,0.636,0.655,0.628,0.643,7161300.0,4614127.0
2024-02-22,0.643,0.658,0.641,0.649,5353100.0,3479561.0
2024-02-23,0.65,0.665,0.65,0.655,9323900.0,6155664.0
2024-02-26,0.658,0.662,0.649,0.652,6206500.0,4057494.0
2024-02-27,0.652,0.664,0.649,0.664,5446100.0,3581369.0
2024-02-28,0.673,0.691,0.652,0.652,13343000.0,8967140.0
2024-02-29,0.651,0.675,0.65,0.674,6577200.0,4379132.0
2024-03-01,0.687,0.687,0.67,0.685,6211300.0,4218557.0
2024-03-04,0.682,0.694,0.682,0.688,5764902.0,3958346.0
2024-03-05,0.681,0.684,0.675,0.68,5384700.0,3661395.0
2024-03-06,0.68,0.712,0.676,0.699,14680600.0,10174551.0
2024-03-07,0.699,0.699,0.68,0.68,5481900.0,3787451.0
2024-03-08,0.68,0.705,0.68,0.705,10838100.0,7556381.0
2024-03-11,0.71,0.734,0.71,0.73,12115000.0,8722443.0
2024-03-12,0.74,0.74,0.726,0.728,6088305.0,4444408.0
2024-03-13,0.721,0.727,0.719,0.721,3424400.0,2472966.0
2024-03-14,0.717,0.723,0.707,0.711,8563600.0,6114306.0
2024-03-15,0.707,0.711,0.697,0.708,7647700.0,5374523.0
2024-03-18,0.725,0.736,0.707,0.718,12367600.0,8816502.0
2024-03-19,0.719,0.725,0.709,0.709,2845800.0,2039160.0
2024-03-20,0.707,0.719,0.705,0.709,7116300.0,5052835.0
2024-03-21,0.709,0.711,0.697,0.699,3811401.9999999995,2676234.0
2024-03-22,0.699,0.699,0.68,0.68,3620300.0,2475782.0
2024-03-25,0.681,0.69,0.674,0.675,3575600.0,2427157.0
2024-03-26,0.675,0.686,0.67,0.682,6667400.0,4515031.0
2024-03-27,0.679,0.68,0.662,0.662,2832900.0,1902762.0
2024-03-28,0.662,0.675,0.662,0.666,4105700.0,2744208.0
2024-03-29,0.666,0.672,0.662,0.669,2134800.0,1423598.0
2024-04-01,0.669,0.695,0.669,0.693,10187100.0,6997640.0
2024-04-02,0.691,0.692,0.685,0.689,3863800.0,2663007.0
2024-04-03,0.688,0.688,0.68,0.685,3720700.0,2543173.0
2024-04-08,0.684,0.684,0.666,0.667,2301500.0,1548844.0
2024-04-09,0.667,0.672,0.664,0.671,2297700.0,1537576.0
2024-04-10,0.671,0.671,0.655,0.659,8339800.0,5500495.0
2024-04-11,0.661,0.669,0.651,0.657,3247100.0,2134615.0
2024-04-12,0.657,0.658,0.64,0.642,4542800.0,2940878.0
2024-04-15,0.66,0.661,0.632,0.648,5831500.0,3776575.0
2024-04-16,0.645,0.645,0.631,0.631,2068800.0,1322743.0
2024-04-17,0.643,0.647,0.632,0.647,4838600.0,3099134.0
2024-04-18,0.647,0.65,0.638,0.643,1824100.0,1175734.0
2024-04-19,0.637,0.638,0.622,0.625,9297200.0,5842628.0
2024-04-22,0.625,0.638,0.624,0.629,6217302.0,3922927.0
2024-04-23,0.606,0.637,0.606,0.621,2679900.0,1672582.0
2024-04-24,0.62,0.62,0.61,0.615,3298600.0,2021749.0
2024-04-25,0.615,0.62,0.606,0.613,2314900.0,1418682.0
2024-04-26,0.612,0.628,0.611,0.628,3521600.0,2193950.0
2024-04-29,0.627,0.654,0.627,0.649,5961700.0,3834351.0
2024-04-30,0.646,0.646,0.633,0.633,3990600.0,2538046.0
2024-05-06,0.635,0.648,0.635,0.645,11205700.0,7231684.0
2024-05-07,0.645,0.646,0.637,0.644,5264500.0,3379622.0
2024-05-08,0.644,0.644,0.634,0.635,3614900.0,2302589.0
2024-05-09,0.64,0.658,0.64,0.652,5019400.0,3269353.0
2024-05-10,0.652,0.652,0.639,0.647,2773000.0,1789753.0
2024-05-13,0.64,0.653,0.637,0.647,4642900.0,3005592.0
2024-05-14,0.647,0.648,0.637,0.64,10319600.0,6610226.0
2024-05-15,0.64,0.649,0.633,0.635,3210600.0,2056734.0
2024-05-16,0.635,0.64,0.63,0.633,3894500.0,2465234.0
2024-05-17,0.63,0.631,0.621,0.631,6294501.0,3926754.0
2024-05-20,0.63,0.637,0.629,0.631,2619104.0,1655036.0
2024-05-21,0.628,0.63,0.623,0.625,4404300.0,2760184.0
2024-05-22,0.629,0.667,0.629,0.663,15535200.0,10127123.0
2024-05-23,0.663,0.664,0.643,0.646,8537500.0,5536841.0
2024-05-24,0.649,0.655,0.639,0.641,3943300.0,2549762.0
2024-05-27,0.642,0.642,0.626,0.636,8805700.0,5563495.0
2024-05-28,0.649,0.649,0.625,0.632,3658000.0,2319744.0
2024-05-29,0.632,0.659,0.632,0.647,8390300.0,5466844.0
2024-05-30,0.651,0.654,0.642,0.645,5555400.0,3590904.0
2024-05-31,0.644,0.646,0.635,0.636,5723400.0,3655592.0
2024-06-03,0.635,0.635,0.625,0.631,4041600.0,2539378.0
2024-06-04,0.629,0.642,0.625,0.641,8860800.0,5592616.0
2024-06-05,0.641,0.641,0.632,0.632,3677300.0,2338727.0
2024-06-06,0.631,0.636,0.615,0.617,10503900.0,6532083.0
2024-06-07,0.619,0.621,0.602,0.609,5278300.0,3213660.0
2024-06-11,0.605,0.612,0.6,0.61,8866500.0,5379367.0
2024-06-12,0.609,0.609,0.605,0.608,1746400.0,1061112.0
2024-06-13,0.608,0.612,0.606,0.606,1614500.0,985278.0
2024-06-14,0.606,0.608,0.6,0.604,5426200.0,3274732.0
2024-06-17,0.604,0.605,0.596,0.601,4255300.0,2554719.0
2024-06-18,0.603,0.611,0.601,0.606,7435300.0,4503945.0
2024-06-19,0.605,0.605,0.592,0.593,8524900.0,5075512.0
2024-06-20,0.59,0.591,0.577,0.578,4533801.0,2637486.0
2024-06-21,0.579,0.585,0.576,0.58,10441200.0,6063988.0
2024-06-24,0.575,0.575,0.564,0.564,5656900.0,3214547.0
2024-06-25,0.56,0.566,0.547,0.551,12759500.0,7076402.0
2024-06-26,0.552,0.559,0.545,0.558,6134500.0,3378114.0
2024-06-27,0.556,0.556,0.545,0.546,5104600.0,2801860.0
2024-06-28,0.546,0.552,0.541,0.544,3686600.0,2021914.0
2024-07-01,0.547,0.552,0.541,0.549,4345200.0,2373852.0
2024-07-02,0.548,0.55,0.536,0.537,5362900.0,2895642.0
2024-07-03,0.538,0.54,0.532,0.536,6014704.0,3227261.0
2024-07-04,0.535,0.537,0.522,0.524,5181500.0,2743440.0
2024-07-05,0.52,0.53,0.518,0.529,6853400.0,3609036.0
2024-07-08,0.528,0.528,0.509,0.512,7434800.0,3827907.0
2024-07-09,0.511,0.515,0.503,0.513,7288700.0,3706488.0
2024-07-10,0.51,0.525,0.505,0.515,9147400.0,4736402.0
2024-07-11,0.517,0.537,0.517,0.533,8026800.0,4236422.0
2024-07-12,0.535,0.544,0.533,0.537,8317800.0,4469349.0
2024-07-15,0.536,0.536,0.529,0.531,5257000.0,2792987.0
2024-07-16,0.531,0.543,0.53,0.543,5064900.0,2723807.0
2024-07-17,0.55,0.551,0.541,0.542,3179400.0,1729549.0
2024-07-18,0.526,0.548,0.526,0.545,4543100.0,2458756.0
2024-07-19,0.546,0.553,0.541,0.553,6589700.0,3620720.0
2024-07-22,0.555,0.559,0.548,0.553,3997700.0,2207075.0
2024-07-23,0.551,0.551,0.539,0.539,6171800.0,3375760.0
2024-07-24,0.537,0.539,0.527,0.528,5229000.0,2786153.0
2024-07-25,0.526,0.55,0.526,0.542,4343300.0,2342267.0
2024-07-26,0.542,0.545,0.539,0.543,4242000.0,2297201.0
2024-07-29,0.545,0.545,0.533,0.533,4131900.0,2207683.0
2024-07-30,0.533,0.536,0.528,0.532,5218400.0,2764283.0
2024-07-31,0.532,0.551,0.526,0.551,2108600.0,1146498.0
2024-08-01,0.55,0.552,0.543,0.544,1745700.0,954566.0
2024-08-02,0.541,0.547,0.536,0.537,2521500.0,1367674.0
2024-08-05,0.531,0.549,0.53,0.53,3956100.0,2135410.0
2024-08-06,0.538,0.552,0.537,0.55,7113600.0,3885584.0
2024-08-07,0.546,0.551,0.544,0.548,7143600.0,3917090.0
2024-08-08,0.543,0.55,0.543,0.546,6973400.0,3812052.0
2024-08-09,0.548,0.549,0.538,0.539,5863700.0,3178198.0
2024-08-12,0.547,0.548,0.534,0.536,3566300.0,1922099.0
2024-08-13,0.533,0.539,0.528,0.537,4550605.0,2420314.0
2024-08-14,0.537,0.543,0.531,0.531,4334300.0,2307756.0
2024-08-15,0.528,0.545,0.527,0.539,6506605.0,3494982.0
2024-08-16,0.537,0.537,0.531,0.532,6934900.0,3697832.0
2024-08-19,0.532,0.532,0.525,0.526,5832900.0,3075238.0
2024-08-20,0.525,0.525,0.517,0.52,10130100.0,5279427.0
2024-08-21,0.521,0.521,0.513,0.514,4811100.0,2483911.0
2024-08-22,0.514,0.514,0.504,0.505,13629603.0,6921113.0
2024-08-23,0.505,0.508,0.502,0.504,8696900.0,4384649.0
2024-08-26,0.504,0.516,0.504,0.51,8216600.0,4185179.0
2024-08-27,0.507,0.511,0.5,0.505,14466800.0,7326244.0
2024-08-28,0.504,0.507,0.5,0.507,13382500.0,6761911.0
2024-08-29,0.507,0.529,0.501,0.525,21585200.0,11277869.0
2024-08-30,0.524,0.538,0.518,0.53,10935300.0,5803309.0
2024-09-02,0.531,0.534,0.52,0.52,23837700.0,12511418.0
2024-09-03,0.521,0.529,0.517,0.526,25140400.0,13200212.0
2024-09-04,0.526,0.534,0.524,0.527,14856400.0,7881156.0
2024-09-05,0.529,0.537,0.529,0.53,13146401.0,6994962.0
2024-09-06,0.528,0.528,0.519,0.52,10001500.0,5215275.0
2024-09-09,0.519,0.521,0.513,0.515,4591500.0,2366897.0
2024-09-10,0.515,0.517,0.508,0.514,8120600.0,4168792.9999999995
2024-09-11,0.513,0.525,0.513,0.522,15191300.0,7922108.0
2024-09-12,0.522,0.538,0.522,0.523,9936100.0,5254447.0
2024-09-13,0.524,0.524,0.513,0.513,4944600.0,2553893.0
2024-09-18,0.513,0.513,0.505,0.509,3862204.0,1961319.0
2024-09-19,0.51,0.523,0.508,0.516,4790500.0,2480086.0
2024-09-20,0.511,0.513,0.504,0.509,6015900.0,3048296.0
2024-09-23,0.506,0.509,0.501,0.502,7966200.0,4010339.0
2024-09-24,0.504,0.522,0.5,0.521,19334800.0,9913064.0
2024-09-25,0.525,0.54,0.525,0.527,8420900.0,4468949.0
2024-09-26,0.532,0.547,0.521,0.546,7927900.0,4244213.0
2024-09-27,0.551,0.598,0.548,0.598,11665004.0,6755177.0
2024-09-30,0.628,0.658,0.605,0.658,23175800.0,14849384.0
2024-10-08,0.724,0.724,0.676,0.724,24306400.0,17326048.0
2024-10-09,0.73,0.73,0.652,0.652,19572102.0,13189466.0
2024-10-10,0.652,0.665,0.635,0.646,7581702.0,4953940.0
2024-10-11,0.634,0.64,0.608,0.615,6839200.0,4250226.0
2024-10-14,0.618,0.631,0.61,0.628,3851200.0,2400420.0
2024-10-15,0.626,0.628,0.612,0.613,4077500.0,2520193.0
2024-10-16,0.61,0.61,0.593,0.598,5919800.0,3543462.0
2024-10-17,0.598,0.603,0.588,0.589,5276600.0,3139731.0
2024-10-18,0.589,0.628,0.582,0.613,17619901.0,10781748.0
2024-10-21,0.623,0.651,0.623,0.633,14036400.0,8902995.0
2024-10-22,0.625,0.66,0.619,0.658,17552401.0,11248783.0
2024-10-23,0.66,0.706,0.645,0.684,28248701.0,19086003.0
2024-10-24,0.678,0.679,0.656,0.661,14898500.0,9900532.0
2024-10-25,0.66,0.721,0.66,0.72,37546803.0,26340906.0
2024-10-28,0.72,0.72,0.69,0.707,23151903.0,16231855.0
2024-10-29,0.722,0.736,0.689,0.69,14957810.0,10539840.0
2024-10-30,0.678,0.7,0.676,0.695,10347602.0,7170357.0
2024-10-31,0.709,0.73,0.705,0.716,16179000.0,11623327.0
2024-11-01,0.715,0.718,0.689,0.698,11594700.0,8152687.0
2024-11-04,0.692,0.709,0.692,0.699,6801100.0,4750066.0
2024-11-05,0.7,0.718,0.695,0.716,15021900.0,10663129.0
2024-11-06,0.717,0.733,0.705,0.709,16115800.0,11553327.0
2024-11-07,0.686,0.704,0.679,0.702,13239000.0,9200700.0
2024-11-08,0.703,0.718,0.703,0.706,9189600.0,6553703.0
2024-11-11,0.707,0.728,0.703,0.724,7717100.0,5555390.0
2024-11-12,0.724,0.739,0.711,0.713,11384900.0,8264425.999999999
2024-11-13,0.712,0.72,0.706,0.72,5816100.0,4142392.0
2024-11-14,0.73,0.73,0.699,0.703,8247600.0,5853894.0
2024-11-15,0.697,0.701,0.675,0.677,4755000.0,3268448.0
2024-11-18,0.672,0.68,0.658,0.661,5393000.0,3609006.0
2024-11-19,0.663,0.68,0.658,0.68,6956300.0,4654788.0
2024-11-20,0.68,0.683,0.669,0.677,5986100.0,4034686.0
2024-11-21,0.684,0.691,0.673,0.677,5878700.0,3994236.0
2024-11-22,0.675,0.675,0.647,0.647,7815000.0,5179340.0
2024-11-25,0.647,0.653,0.641,0.651,6563200.0,4252305.0
2024-11-26,0.651,0.665,0.647,0.649,6364800.0,4165269.0
2024-11-27,0.648,0.663,0.642,0.662,5818500.0,3797045.0
2024-11-28,0.662,0.669,0.657,0.66,6049300.0,4008112.0
2024-11-29,0.66,0.673,0.656,0.668,4611000.0,3071361.0
2024-12-02,0.663,0.67,0.65,0.669,8609200.0,5701361.0
2024-12-03,0.672,0.676,0.664,0.67,6305900.0,4219073.0
2024-12-04,0.67,0.67,0.651,0.655,7140400.0,4680663.0
2024-12-05,0.653,0.655,0.65,0.653,7026400.0,4583398.0
2024-12-06,0.653,0.658,0.639,0.657,5977011.0,3885533.0
2024-12-09,0.657,0.657,0.645,0.647,6063000.0,3927887.0
2024-12-10,0.672,0.674,0.647,0.649,7997417.999999999,5237535.0
2024-12-11,0.649,0.655,0.647,0.652,4942400.0,3223785.0
2024-12-12,0.651,0.656,0.648,0.655,3819300.0,2495876.0
2024-12-13,0.65,0.652,0.637,0.637,7798200.0,5013140.0
2024-12-16,0.636,0.639,0.624,0.626,6906100.0,4331121.0
2024-12-17,0.627,0.63,0.621,0.623,5511900.0,3441563.0
2024-12-18,0.623,0.625,0.62,0.622,4746010.0,2948755.0
2024-12-19,0.616,0.622,0.612,0.62,5665200.0,3503250.0
2024-12-20,0.621,0.623,0.616,0.618,4983800.0,3088496.0
2024-12-23,0.617,0.628,0.616,0.616,5228100.0,3245002.0
2024-12-24,0.616,0.63,0.616,0.629,5516101.0,3449497.0
2024-12-25,0.63,0.634,0.619,0.623,6639200.0,4144734.9999999995
2024-12-26,0.626,0.626,0.619,0.621,5406400.0,3360341.0
2024-12-27,0.618,0.625,0.617,0.618,7886000.0,4894667.0
2024-12-30,0.615,0.62,0.613,0.62,5262600.0,3241314.0
2024-12-31,0.61,0.623,0.603,0.604,6241102.0,3814125.0
2025-01-02,0.605,0.605,0.583,0.588,4010900.0,2376145.0
2025-01-03,0.585,0.592,0.573,0.574,4843100.0,2825023.0
2025-01-06,0.573,0.582,0.571,0.576,5266100.0,3033546.0
2025-01-07,0.576,0.58,0.565,0.578,6547300.0,3760697.0
2025-01-08,0.578,0.582,0.566,0.578,5749000.0,3294025.0
2025-01-09,0.575,0.585,0.574,0.575,6181800.0,3561761.0
2025-01-10,0.575,0.575,0.555,0.555,6033900.0,3400910.0
2025-01-13,0.551,0.561,0.545,0.558,4401600.0,2450732.0
2025-01-14,0.56,0.577,0.557,0.577,6162200.0,3523557.0
2025-01-15,0.568,0.589,0.568,0.579,6444800.0,3748003.0
2025-01-16,0.579,0.592,0.579,0.587,7332500.999999999,4278805.0
2025-01-17,0.584,0.589,0.579,0.586,6080400.0,3558747.0
2025-01-20,0.588,0.593,0.586,0.588,4918800.0,2905626.0
2025-01-21,0.591,0.591,0.576,0.579,4695015.0,2724017.0
2025-01-22,0.577,0.577,0.569,0.571,5097400.0,2916933.0
2025-01-23,0.575,0.58,0.569,0.569,4829700.0,2771676.0
2025-01-24,0.567,0.58,0.567,0.578,6779100.0,3915763.0
2025-01-27,0.579,0.581,0.569,0.569,6035500.0,3451919.0
2025-02-05,0.571,0.574,0.564,0.57,4831100.0,2743325.0
2025-02-06,0.567,0.58,0.563,0.579,6547800.0,3773126.0
2025-02-07,0.58,0.61,0.579,0.603,15299500.0,9207451.0
2025-02-10,0.605,0.62,0.589,0.597,9572700.0,5692122.0
2025-02-11,0.593,0.593,0.582,0.586,9844600.0,5770195.0
2025-02-12,0.585,0.59,0.581,0.588,5363600.0,3144014.0
2025-02-13,0.588,0.589,0.583,0.584,4597224.0,2694276.0
2025-02-14,0.584,0.59,0.583,0.586,5516600.0,3232493.0
2025-02-17,0.586,0.591,0.584,0.59,4922900.0,2890683.0
2025-02-18,0.593,0.597,0.579,0.581,8839700.0,5214522.0
2025-02-19,0.583,0.589,0.576,0.589,8641801.0,5047501.0
2025-02-20,0.589,0.589,0.58,0.583,7127700.0,4150475.0000000005
2025-02-21,0.583,0.587,0.578,0.586,8177900.0,4761766.0
2025-02-24,0.586,0.593,0.582,0.591,7332100.0,4329480.0
2025-02-25,0.588,0.597,0.584,0.593,10587900.0,6281644.0
2025-02-26,0.592,0.614,0.592,0.613,20125151.0,12163644.0
2025-02-27,0.613,0.613,0.596,0.607,12367900.0,7454185.0
2025-02-28,0.603,0.609,0.593,0.597,9968800.0,5989609.0
2025-03-03,0.595,0.605,0.591,0.597,7137000.0,4277249.0
2025-03-04,0.591,0.596,0.587,0.596,6409200.0,3796037.0
2025-03-05,0.594,0.594,0.582,0.585,7428200.0,4343447.0
2025-03-06,0.587,0.597,0.585,0.595,6169101.0,3653308.0
2025-03-07,0.593,0.598,0.585,0.59,4024400.0,2379216.0
2025-03-10,0.59,0.598,0.589,0.595,5430900.0,3219676.0
2025-03-11,0.587,0.596,0.585,0.596,5137800.0,3028201.0
2025-03-12,0.596,0.6,0.594,0.596,3788300.0,2262963.0
2025-03-13,0.596,0.597,0.587,0.59,3276500.0,1939982.0
2025-03-14,0.59,0.603,0.589,0.6,5322900.0,3190633.0
2025-03-17,0.603,0.61,0.603,0.605,7059400.0,4273721.0
2025-03-18,0.606,0.608,0.603,0.607,3172500.0,1921892.0
2025-03-19,0.608,0.609,0.6,0.604,2394510.0,1443904.0
2025-03-20,0.602,0.604,0.597,0.599,2856400.0,1714491.0
2025-03-21,0.596,0.602,0.589,0.59,5329100.0,3165729.0
2025-03-24,0.593,0.594,0.58,0.591,4207700.0,2464787.0
2025-03-25,0.589,0.598,0.589,0.593,1878900.0,1115195.0
2025-03-26,0.593,0.607,0.592,0.6,6110900.0,3670944.0
2025-03-27,0.598,0.598,0.589,0.592,4971000.0,2942452.0
2025-03-28,0.592,0.598,0.586,0.587,1876400.0,1107544.0
2025-03-31,0.585,0.585,0.566,0.569,9144700.0,5236277.0
2025-04-01,0.572,0.582,0.57,0.575,2886200.0,1661589.0
2025-04-02,0.573,0.578,0.573,0.573,2650500.0,1523826.0
2025-04-03,0.57,0.572,0.561,0.564,5550200.0,3131823.0
2025-04-07,0.524,0.562,0.508,0.508,5490000.0,2815857.0
2025-04-08,0.508,0.509,0.493,0.498,9075400.0,4531889.0
2025-04-09,0.497,0.506,0.476,0.504,7998900.0,3955451.0
2025-04-10,0.51,0.525,0.509,0.517,6917700.0,3582467.0
2025-04-11,0.514,0.52,0.512,0.517,3109600.0,1608438.0
2025-04-14,0.521,0.526,0.52,0.52,4051500.0,2113385.0
2025-04-15,0.52,0.52,0.514,0.518,4431900.0,2290378.0
2025-04-16,0.518,0.518,0.506,0.513,2795000.0,1422907.0
2025-04-17,0.512,0.516,0.511,0.513,7113200.0,3655868.0
2025-04-18,0.513,0.513,0.508,0.512,1961800.0,1002413.0
2025-04-21,0.508,0.515,0.507,0.515,2089900.0,1070231.0
2025-04-22,0.513,0.513,0.509,0.511,3710300.0,1895089.0
2025-04-23,0.511,0.518,0.51,0.515,8208100.0,4224979.0
2025-04-24,0.514,0.514,0.508,0.508,2775700.0,1414407.0
2025-04-25,0.508,0.514,0.508,0.511,1871300.0,958578.0
2025-04-28,0.515,0.523,0.512,0.513,1208900.0,621869.0
2025-04-29,0.512,0.516,0.509,0.511,2808900.0,1436319.0
2025-04-30,0.51,0.515,0.51,0.513,2901100.0,1484269.0
2025-05-06,0.514,0.523,0.514,0.522,3447500.0,1789009.0
2025-05-07,0.526,0.532,0.52,0.523,1953300.0,1025367.9999999999
2025-05-08,0.525,0.533,0.522,0.532,2745900.0,1456352.0
2025-05-09,0.532,0.532,0.521,0.524,2707700.0,1419473.0
2025-05-12,0.527,0.538,0.527,0.538,3777300.0,2013902.0
2025-05-13,0.542,0.558,0.542,0.55,7589900.0,4179055.9999999995
2025-05-14,0.542,0.544,0.535,0.543,7907000.0,4265853.0
2025-05-15,0.533,0.539,0.528,0.53,3324100.0,1768464.0
2025-05-16,0.53,0.534,0.53,0.532,2474000.0,1315609.0
2025-05-19,0.53,0.53,0.525,0.53,1499300.0,792140.0
2025-05-20,0.532,0.532,0.525,0.531,2189300.0,1157463.0
2025-05-21,0.531,0.533,0.529,0.53,2520800.0,1336144.0
2025-05-22,0.526,0.53,0.523,0.523,2319600.0,1217584.0
2025-05-23,0.523,0.525,0.517,0.518,2395800.0,1247232.0
2025-05-26,0.516,0.522,0.516,0.519,1530300.0,795608.0
2025-05-27,0.516,0.517,0.511,0.514,1374300.0,705203.0
2025-05-28,0.514,0.515,0.509,0.511,2119700.0,1082413.0
2025-05-29,0.511,0.516,0.511,0.516,2203800.0,1133193.0
2025-05-30,0.513,0.513,0.509,0.51,5014300.0,2556144.0
2025-06-03,0.508,0.509,0.506,0.507,3533100.0,1793718.0
2025-06-04,0.51,0.514,0.51,0.512,4454300.0,2280791.0
2025-06-05,0.513,0.516,0.51,0.515,4601800.0,2365695.0
2025-06-06,0.516,0.517,0.513,0.515,2389400.0,1230118.0
2025-06-09,0.513,0.52,0.513,0.52,4604500.0,2387054.0
2025-06-10,0.52,0.522,0.512,0.516,2674900.0,1382384.0
2025-06-11,0.518,0.523,0.517,0.52,2092400.0,1089679.0
2025-06-12,0.52,0.52,0.517,0.519,1171000.0,606351.0
2025-06-13,0.517,0.519,0.51,0.511,1795702.0,920584.0
2025-06-16,0.51,0.516,0.509,0.515,933300.0,479054.0
2025-06-17,0.515,0.515,0.511,0.513,1134000.0,581349.0
2025-06-18,0.513,0.518,0.511,0.515,1444200.0,744588.0
2025-06-19,0.515,0.516,0.506,0.506,5184500.0,2633252.0
2025-06-20,0.506,0.518,0.506,0.509,4233200.0,2175435.0
2025-06-23,0.509,0.511,0.502,0.511,3688100.0,1876892.0
2025-06-24,0.516,0.519,0.506,0.518,2720900.0,1406154.0
2025-06-25,0.52,0.523,0.515,0.523,3075200.0,1600883.0
2025-06-26,0.524,0.527,0.518,0.519,7840300.0,4105345.9999999995
2025-06-27,0.519,0.526,0.518,0.523,2487600.0,1302896.0
2025-06-30,0.526,0.536,0.526,0.536,8330100.0,4436959.0
2025-07-01,0.535,0.535,0.529,0.534,3026700.0,1607361.0
2025-07-02,0.535,0.55,0.534,0.547,11923900.0,6475108.0
2025-07-03,0.547,0.551,0.541,0.548,3794100.0,2072527.0
2025-07-04,0.551,0.555,0.543,0.545,4262100.0,2330093.0
2025-07-07,0.545,0.548,0.542,0.545,1791002.0,974724.0
2025-07-08,0.545,0.574,0.544,0.573,8887200.0,5029168.0
2025-07-09,0.569,0.574,0.56,0.569,4251100.0,2424974.0
2025-07-10,0.572,0.586,0.569,0.58,7268510.000000001,4203721.0
2025-07-11,0.58,0.58,0.575,0.579,5133000.0,2964134.0
2025-07-14,0.578,0.58,0.573,0.576,2591200.0,1492262.0
2025-07-15,0.576,0.578,0.565,0.569,3082000.0,1758880.0
2025-07-16,0.568,0.57,0.563,0.57,4496200.0,2553227.0
2025-07-17,0.572,0.58,0.57,0.575,5688600.0,3263514.0
2025-07-18,0.575,0.582,0.569,0.57,4196800.0,2404223.0
2025-07-21,0.571,0.579,0.571,0.579,5275100.0,3042182.0
2025-07-22,0.58,0.595,0.574,0.595,9944001.0,5844455.0
2025-07-23,0.596,0.599,0.584,0.586,11069600.0,6566253.0
2025-07-24,0.585,0.598,0.581,0.597,10384600.0,6160963.0
2025-07-25,0.597,0.597,0.588,0.591,6440700.0,3811643.0
2025-07-28,0.591,0.591,0.583,0.587,6031700.0,3535353.0
2025-07-29,0.586,0.595,0.581,0.595,6575300.999999999,3867271.0
2025-07-30,0.595,0.597,0.583,0.588,7913300.0,4668431.0
2025-07-31,0.585,0.587,0.566,0.568,6952402.0,3995407.0
2025-08-01,0.568,0.586,0.568,0.579,12578300.0,7294790.0
2025-08-04,0.577,0.577,0.568,0.575,8804400.0,5016490.0
2025-08-05,0.575,0.579,0.573,0.579,5643300.0,3252649.0
2025-08-06,0.579,0.583,0.576,0.58,3731300.0,2162569.0
2025-08-07,0.582,0.583,0.572,0.576,4617500.0,2658055.0
2025-08-08,0.575,0.59,0.574,0.581,7534000.0,4394765.0
2025-08-11,0.581,0.595,0.581,0.594,6507300.0,3836968.0
2025-08-12,0.594,0.594,0.585,0.593,5594500.0,3294808.0
2025-08-13,0.593,0.603,0.592,0.6,8067900.0,4827929.0
2025-08-14,0.6,0.601,0.588,0.592,5279700.0,3147424.0
2025-08-15,0.595,0.617,0.591,0.614,13761700.0,8367889.999999999
2025-08-18,0.618,0.628,0.616,0.622,8742400.0,5441280.0
2025-08-19,0.63,0.63,0.618,0.62,10842200.0,6765599.0
2025-08-20,0.62,0.626,0.612,0.625,7554000.0,4683718.0
2025-08-21,0.63,0.63,0.621,0.624,8496000.0,5317644.0
2025-08-22,0.625,0.64,0.623,0.64,6575900.0,4161081.0
2025-08-25,0.64,0.658,0.64,0.655,11429800.0,7423260.0
2025-08-26,0.655,0.656,0.643,0.648,7914900.0,5146803.0
2025-08-27,0.648,0.656,0.635,0.637,11652500.0,7551573.0
2025-08-28,0.642,0.656,0.635,0.655,11240200.0,7255390.0
2025-08-29,0.656,0.663,0.649,0.658,9122800.0,5992782.0
2025-09-01,0.668,0.668,0.65,0.662,6159500.0,4043327.0
2025-09-02,0.66,0.676,0.645,0.652,9319100.0,6147642.0
2025-09-03,0.653,0.67,0.648,0.662,9952501.0,6552425.0
2025-09-04,0.662,0.696,0.66,0.67,27068800.0,18401194.0
2025-09-05,0.663,0.723,0.663,0.723,27038703.999999996,18872274.0
2025-09-08,0.735,0.735,0.712,0.723,16330904.999999998,11788559.0
2025-09-09,0.72,0.72,0.702,0.706,9778601.0,6936068.0
2025-09-10,0.702,0.702,0.684,0.693,8494400.0,5882965.0
2025-09-11,0.684,0.713,0.684,0.713,8581200.0,6005376.0
2025-09-12,0.71,0.717,0.704,0.707,7020900.0,4981435.0
2025-09-15,0.707,0.724,0.706,0.708,7569600.0,5420378.0
2025-09-16,0.711,0.718,0.698,0.711,4237000.0,3000351.0
2025-09-17,0.71,0.725,0.705,0.721,11370802.0,8145633.0
2025-09-18,0.723,0.724,0.7,0.711,11684900.0,8336962.0
2025-09-19,0.71,0.712,0.702,0.704,5614000.0,3967967.0
2025-09-22,0.704,0.706,0.69,0.697,3391400.0,2358020.0
2025-09-23,0.7,0.709,0.684,0.699,5799800.0,4047880.0
2025-09-24,0.699,0.729,0.696,0.728,5741600.0,4102955.0
2025-09-25,0.727,0.745,0.725,0.741,9810804.0,7237486.0
2025-09-26,0.735,0.743,0.731,0.731,8932700.0,6580463.0
2025-09-29,0.731,0.752,0.731,0.745,6910800.0,5137388.0
2025-09-30,0.745,0.761,0.744,0.755,5715900.0,4304252.0
2025-10-09,0.754,0.785,0.754,0.776,5140000.0,3977636.0
2025-10-10,0.772,0.775,0.739,0.742,6460900.0,4861106.0
2025-10-13,0.705,0.735,0.705,0.731,6066300.0,4371058.0
2025-10-14,0.733,0.774,0.733,0.738,9021600.0,6797223.0
2025-10-15,0.741,0.758,0.723,0.758,6935300.0,5170722.0
2025-10-16,0.753,0.77,0.753,0.764,7228100.0,5513271.0
2025-10-17,0.759,0.763,0.718,0.72,13571900.0,9937507.0
2025-10-20,0.726,0.736,0.72,0.726,4259700.0,3102643.0
2025-10-21,0.726,0.738,0.722,0.734,4048400.0,2968148.0
2025-10-22,0.73,0.73,0.718,0.721,3262500.0,2356110.0
2025-10-23,0.72,0.726,0.704,0.726,4598400.0,3291048.0
2025-10-24,0.731,0.741,0.729,0.738,6380800.0,4704673.0
2025-10-27,0.743,0.754,0.737,0.746,9665100.0,7209821.0
2025-10-28,0.744,0.749,0.737,0.74,3285104.0,2439781.0
2025-10-29,0.74,0.806,0.74,0.8,21081205.0,16428330.999999998
2025-10-30,0.8,0.814,0.796,0.796,16034700.0,12918076.0
2025-10-31,0.794,0.816,0.785,0.785,8768100.0,7032949.0
2025-11-03,0.787,0.816,0.785,0.816,16385700.0,13103357.0
2025-11-04,0.817,0.822,0.789,0.793,10206400.0,8204355.0
2025-11-05,0.779,0.834,0.778,0.832,15397400.0,12583342.0
2025-11-06,0.831,0.858,0.831,0.841,16605400.0,14001609.0
2025-11-07,0.836,0.865,0.832,0.858,15153800.0,12981650.0
2025-11-10,0.858,0.871,0.851,0.855,12612700.0,10855643.0
2025-11-11,0.862,0.875,0.851,0.859,13387900.0,11531158.0
2025-11-12,0.842,0.85,0.804,0.821,24159600.0,19850930.0
2025-11-13,0.821,0.846,0.819,0.837,15356400.0,12776610.0
2025-11-14,0.825,0.856,0.818,0.828,8502300.0,7099678.0
2025-11-17,0.821,0.83,0.807,0.815,5452700.0,4461061.0
