,OPEN,HIGH,LOW,CLOSE,VOLUME,AMT
2021-01-19,1.172,1.185,1.152,1.16,5332495.0,6228226.0
2021-01-20,1.156,1.171,1.156,1.168,4374717.0,5098402.0
2021-01-21,1.168,1.186,1.168,1.181,4207375.0,4956985.0
2021-01-22,1.18,1.18,1.162,1.178,3483542.0,4086819.0
2021-01-25,1.177,1.196,1.168,1.189,4348731.0,5156884.0
2021-01-26,1.168,1.184,1.158,1.16,1844528.0,2151687.0
2021-01-27,1.16,1.174,1.142,1.162,1498854.0,1737373.0
2021-01-28,1.158,1.158,1.125,1.129,1299226.0,1479316.0
2021-01-29,1.128,1.149,1.112,1.127,2260401.0,2554367.0
2021-02-01,1.122,1.141,1.122,1.139,1064074.0,1204343.0
2021-02-02,1.139,1.163,1.136,1.163,1322700.0,1524966.0
2021-02-03,1.151,1.163,1.149,1.151,1536816.0,1779717.0
2021-02-04,1.124,1.16,1.124,1.141,1137435.0,1298508.0
2021-02-05,1.139,1.154,1.139,1.141,979821.9999999999,1121839.0
2021-02-08,1.139,1.171,1.139,1.164,1188101.0,1373251.0
2021-02-09,1.161,1.188,1.161,1.188,1834325.9999999998,2165725.0
2021-02-10,1.187,1.206,1.187,1.205,3576658.0,4288577.0
2021-02-18,1.204,1.23,1.203,1.21,1568761.0,1902196.0
2021-02-19,1.209,1.21,1.181,1.209,1711016.0,2051801.0
2021-02-22,1.208,1.211,1.161,1.18,2340916.0,2795718.0
2021-02-23,1.165,1.186,1.165,1.171,1034899.0,1218397.0
2021-02-24,1.171,1.178,1.136,1.149,1920625.9999999998,2210486.0
2021-02-25,1.147,1.168,1.147,1.156,1156562.0,1344180.0
2021-02-26,1.15,1.15,1.127,1.128,1087893.0,1232125.0
2021-03-01,1.128,1.145,1.128,1.144,837698.0,951275.0
2021-03-02,1.136,1.151,1.126,1.132,928449.0,1054248.0
2021-03-03,1.125,1.152,1.125,1.151,533203.0,610196.0
2021-03-04,1.15,1.15,1.114,1.119,867145.9999999999,977149.0
2021-03-05,1.1,1.119,1.09,1.109,970346.9999999999,1078450.0
2021-03-08,1.11,1.14,1.073,1.075,933024.0,1022089.0
2021-03-09,1.065,1.072,1.031,1.049,804656.0,850395.0
2021-03-10,1.05,1.063,1.046,1.052,366187.0,385238.0
2021-03-11,1.058,1.078,1.057,1.078,295597.0,316546.0
2021-03-12,1.078,1.087,1.07,1.085,442850.0,478180.0
2021-03-15,1.073,1.082,1.055,1.066,383146.0,410170.0
2021-03-16,1.066,1.078,1.066,1.075,1046601.0,1120779.0
2021-03-17,1.063,1.083,1.06,1.077,336923.0,362059.0
2021-03-18,1.073,1.093,1.061,1.089,518416.0,563029.0
2021-03-19,1.078,1.078,1.054,1.067,277467.0,297170.0
2021-03-22,1.053,1.079,1.053,1.077,574842.0,617452.0
2021-03-23,1.077,1.079,1.062,1.068,919860.0,980508.0
2021-03-24,1.062,1.068,1.048,1.05,2799019.0,2947090.0
2021-03-25,1.041,1.059,1.04,1.053,569060.0,598365.0
2021-03-26,1.053,1.077,1.053,1.075,862345.0000000001,921849.0
2021-03-29,1.075,1.088,1.073,1.081,828195.9999999999,896403.0
2021-03-30,1.076,1.093,1.076,1.089,594212.0,646319.0
2021-03-31,1.089,1.093,1.07,1.077,326270.0,350545.0
2021-04-01,1.077,1.088,1.075,1.086,661854.0,715418.0
2021-04-02,1.08,1.099,1.08,1.096,517803.0,566820.0
2021-04-06,1.093,1.101,1.09,1.096,436893.0,479558.0
2021-04-07,1.085,1.089,1.077,1.088,566127.0,613182.0
2021-04-08,1.088,1.094,1.075,1.089,536106.0,582751.0
2021-04-09,1.086,1.088,1.077,1.081,951243.0,1027788.0
2021-04-12,1.08,1.08,1.055,1.056,885792.0,941579.0
2021-04-13,1.056,1.077,1.05,1.053,492808.0,520294.99999999994
2021-04-14,1.052,1.07,1.052,1.068,360101.0,382726.0
2021-04-15,1.06,1.062,1.051,1.062,284111.0,300138.0
2021-04-16,1.062,1.07,1.057,1.068,494614.00000000006,525830.0
2021-04-19,1.065,1.092,1.065,1.091,1145674.0,1244453.0
2021-04-20,1.066,1.097,1.066,1.093,610671.0,666467.0
2021-04-21,1.089,1.098,1.081,1.098,459037.0,500967.0
2021-04-22,1.099,1.099,1.087,1.093,697559.0,761606.0
2021-04-23,1.083,1.097,1.083,1.096,801691.0,876510.0
2021-04-26,1.096,1.107,1.088,1.09,921078.0000000001,1013661.0
2021-04-27,1.09,1.09,1.075,1.084,473292.0,511217.0
2021-04-28,1.086,1.099,1.075,1.088,787024.0,855211.0
2021-04-29,1.089,1.101,1.084,1.1,675644.0,741302.0
2021-04-30,1.095,1.095,1.082,1.086,325480.0,354102.0
2021-05-06,1.086,1.092,1.078,1.086,539748.0,585833.0
2021-05-07,1.084,1.097,1.076,1.077,519516.0,565656.0
2021-05-10,1.075,1.094,1.065,1.07,550383.0,589382.0
2021-05-11,1.051,1.08,1.051,1.077,896390.0,955985.0
2021-05-12,1.066,1.084,1.066,1.083,941515.0,1016055.0
2021-05-13,1.07,1.078,1.067,1.07,516393.99999999994,553603.0
2021-05-14,1.07,1.096,1.07,1.096,1168490.0,1269964.0
2021-05-17,1.092,1.113,1.092,1.105,912851.0,1010861.0
2021-05-18,1.105,1.114,1.105,1.114,1024249.0,1136666.0
2021-05-19,1.113,1.113,1.101,1.108,607969.0,672924.0
2021-05-20,1.097,1.113,1.097,1.106,569669.0,629027.0
2021-05-21,1.106,1.11,1.092,1.094,288244.0,316395.0
2021-05-24,1.08,1.096,1.08,1.096,557969.0,609613.0
2021-05-25,1.096,1.127,1.095,1.125,2097614.0,2338874.0
2021-05-26,1.1,1.132,1.1,1.125,883401.0,994733.0
2021-05-27,1.116,1.134,1.116,1.13,1360794.0,1535669.0
2021-05-28,1.121,1.133,1.121,1.128,566421.0,638684.0
2021-05-31,1.127,1.133,1.12,1.133,982850.0,1108425.0
2021-06-01,1.124,1.137,1.123,1.137,759835.0,859642.0
2021-06-02,1.136,1.139,1.125,1.128,870340.0,984667.0
2021-06-03,1.121,1.136,1.121,1.126,1031807.0,1164547.0
2021-06-04,1.123,1.134,1.116,1.129,615805.0,691791.0
2021-06-07,1.122,1.134,1.122,1.134,1481415.0,1675495.0
2021-06-08,1.13,1.138,1.117,1.12,654543.0,734255.0
2021-06-09,1.12,1.136,1.118,1.125,482660.00000000006,541208.0
2021-06-10,1.119,1.133,1.119,1.128,1288098.0,1452523.0
2021-06-11,1.124,1.124,1.107,1.113,778269.0,866609.0
2021-06-15,1.108,1.122,1.1,1.108,1424534.0,1573288.0
2021-06-16,1.102,1.108,1.089,1.095,308267.0,339245.0
2021-06-17,1.095,1.099,1.081,1.098,655141.0,716535.0
2021-06-18,1.091,1.108,1.088,1.097,1040831.0,1139075.0
2021-06-21,1.082,1.098,1.082,1.095,781292.0,852452.0
2021-06-22,1.089,1.105,1.089,1.104,392182.0,431169.0
2021-06-23,1.101,1.107,1.1,1.105,1881493.9999999998,2074312.0
2021-06-24,1.103,1.107,1.099,1.107,483681.00000000006,534078.0
2021-06-25,1.103,1.121,1.103,1.121,1505236.0,1678897.0
2021-06-28,1.126,1.126,1.113,1.12,402205.0,450025.0
2021-06-29,1.114,1.118,1.093,1.107,819030.0,906220.0
2021-06-30,1.096,1.116,1.096,1.112,405988.0,449930.0
2021-07-01,1.108,1.123,1.1,1.11,648204.0,720435.0
2021-07-02,1.1,1.101,1.081,1.086,455807.0,496885.0
2021-07-05,1.085,1.093,1.081,1.091,454618.99999999994,493437.0
2021-07-06,1.086,1.099,1.086,1.098,354047.0,386927.0
2021-07-07,1.096,1.107,1.09,1.106,909189.0,1001431.0
2021-07-08,1.105,1.11,1.093,1.105,714513.0,787893.0
2021-07-09,1.105,1.105,1.094,1.102,699808.0,768097.0
2021-07-12,1.102,1.114,1.102,1.112,964036.0,1069846.0
2021-07-13,1.109,1.119,1.109,1.116,1535455.0,1710255.0
2021-07-14,1.106,1.111,1.104,1.107,531564.0,589106.0
2021-07-15,1.107,1.12,1.102,1.12,991600.0,1104297.0
2021-07-16,1.12,1.125,1.105,1.118,1027187.0000000001,1151264.0
2021-07-19,1.11,1.125,1.11,1.125,897334.0,1005547.0
2021-07-20,1.112,1.124,1.111,1.12,318899.0,355878.0
2021-07-21,1.116,1.126,1.116,1.124,991526.0,1112946.0
2021-07-22,1.117,1.125,1.11,1.125,1226003.0,1376955.0
2021-07-23,1.125,1.125,1.108,1.117,552276.0,615597.0
2021-07-26,1.114,1.114,1.085,1.09,493089.99999999994,541029.0
2021-07-27,1.078,1.103,1.057,1.068,936524.0,1013070.0
2021-07-28,1.056,1.065,1.04,1.057,653629.0,688958.0
2021-07-29,1.057,1.072,1.057,1.07,684523.0,731307.0
2021-07-30,1.067,1.067,1.048,1.06,277996.0,293528.0
2021-08-02,1.06,1.094,1.045,1.094,749299.0,808221.0
2021-08-03,1.076,1.093,1.076,1.088,542628.0,589709.0
2021-08-04,1.08,1.094,1.08,1.089,478314.00000000006,519993.00000000006
2021-08-05,1.09,1.095,1.081,1.088,345971.0,375775.0
2021-08-06,1.074,1.089,1.074,1.089,539107.0,585285.0
2021-08-09,1.08,1.109,1.08,1.108,770660.0,850825.0
2021-08-10,1.1,1.122,1.1,1.122,1504912.0,1672340.0
2021-08-11,1.116,1.13,1.116,1.123,1128176.0,1268012.0
2021-08-12,1.119,1.123,1.111,1.115,626541.0,699475.0
2021-08-13,1.11,1.12,1.106,1.113,1047481.0,1164626.0
2021-08-16,1.116,1.121,1.1,1.114,734206.0,820352.0
2021-08-17,1.097,1.121,1.087,1.097,678875.0,747828.0
2021-08-18,1.093,1.11,1.084,1.107,802239.0,883172.0
2021-08-19,1.107,1.109,1.098,1.105,837714.0,923633.0
2021-08-20,1.092,1.1,1.081,1.092,653842.0,711942.0
2021-08-23,1.087,1.109,1.087,1.109,1299187.0,1436448.0
2021-08-24,1.103,1.113,1.099,1.113,1127657.0,1251724.0
2021-08-25,1.113,1.115,1.102,1.111,1008654.0000000001,1118940.0
2021-08-26,1.106,1.107,1.095,1.097,634030.0,697644.0
2021-08-27,1.089,1.104,1.089,1.095,486855.0,532510.0
2021-08-30,1.09,1.098,1.084,1.094,1114172.0,1215673.0
2021-08-31,1.088,1.104,1.081,1.104,739769.0,808705.0
2021-09-01,1.099,1.115,1.093,1.113,1554389.0,1722090.0
2021-09-02,1.112,1.118,1.089,1.117,926314.0,1030752.9999999999
2021-09-03,1.116,1.119,1.108,1.11,506910.99999999994,563910.0
2021-09-06,1.107,1.126,1.105,1.126,1792891.9999999998,2008468.0
2021-09-07,1.124,1.139,1.12,1.138,2378022.0,2694728.0
2021-09-08,1.138,1.14,1.127,1.135,1304286.0,1480822.0
2021-09-09,1.135,1.14,1.125,1.14,852457.0,966240.0
2021-09-10,1.138,1.155,1.138,1.148,1338436.0,1537362.0
2021-09-13,1.147,1.155,1.141,1.153,1300451.0,1496505.0
2021-09-14,1.152,1.152,1.13,1.134,563404.0,642414.0
2021-09-15,1.132,1.132,1.119,1.122,590470.0,665351.0
2021-09-16,1.121,1.127,1.11,1.11,234720.0,262244.0
2021-09-17,1.111,1.119,1.106,1.118,440910.00000000006,490245.0
2021-09-22,1.105,1.122,1.101,1.122,420354.0,468535.0
2021-09-23,1.122,1.125,1.111,1.121,597838.0,669375.0
2021-09-24,1.12,1.122,1.109,1.116,795297.0,888504.0
2021-09-27,1.11,1.12,1.096,1.11,365905.0,406128.0
2021-09-28,1.102,1.12,1.102,1.12,869585.0,971630.0
2021-09-29,1.108,1.115,1.1,1.105,949602.0,1048600.0
2021-09-30,1.105,1.115,1.105,1.113,460364.99999999994,510742.0
2021-10-08,1.115,1.125,1.115,1.122,673289.0,754267.0
2021-10-11,1.122,1.139,1.122,1.131,655408.0,741543.0
2021-10-12,1.122,1.125,1.101,1.115,724329.0,805022.0
2021-10-13,1.11,1.122,1.105,1.121,400054.0,445722.0
2021-10-14,1.121,1.128,1.112,1.123,308804.0,345950.0
2021-10-15,1.113,1.127,1.113,1.126,311249.0,349577.0
2021-10-18,1.115,1.119,1.111,1.119,474435.99999999994,529147.0
2021-10-19,1.111,1.128,1.111,1.127,1232152.0,1386054.0
2021-10-20,1.127,1.127,1.116,1.122,1112606.0,1249360.0
2021-10-21,1.122,1.13,1.12,1.127,3253648.0,3665329.0
2021-10-22,1.127,1.136,1.123,1.131,2386779.0,2698037.0
2021-10-25,1.13,1.136,1.121,1.136,487320.0,551533.0
2021-10-26,1.13,1.139,1.127,1.127,874351.0,989241.0
2021-10-27,1.127,1.127,1.114,1.117,336342.0,375807.0
2021-10-28,1.12,1.12,1.103,1.11,334189.0,370799.0
2021-10-29,1.101,1.117,1.101,1.115,366180.0,405869.0
2021-11-01,1.105,1.114,1.093,1.114,376480.0,415778.0
2021-11-02,1.105,1.11,1.09,1.098,454643.0,501165.0
2021-11-03,1.095,1.106,1.095,1.1,315845.0,347118.0
2021-11-04,1.1,1.112,1.1,1.112,481997.99999999994,532428.0
2021-11-05,1.1,1.115,1.09,1.109,254576.0,281826.0
2021-11-08,1.1,1.109,1.1,1.107,336925.0,372342.0
2021-11-09,1.105,1.11,1.099,1.109,279403.0,308510.0
2021-11-10,1.105,1.12,1.091,1.106,256364.0,283039.0
2021-11-11,1.098,1.122,1.098,1.121,583127.0,650642.0
2021-11-12,1.121,1.124,1.117,1.122,425495.0,476912.0
2021-11-15,1.122,1.129,1.114,1.12,338816.0,379016.0
2021-11-16,1.116,1.121,1.109,1.112,348604.0,389986.0
2021-11-17,1.108,1.114,1.105,1.112,536032.0,594935.0
2021-11-18,1.112,1.112,1.101,1.111,236404.0,261860.0
2021-11-19,1.108,1.122,1.1,1.122,687295.0,763369.0
2021-11-22,1.108,1.124,1.108,1.124,386364.0,432200.0
2021-11-23,1.124,1.124,1.116,1.119,173809.0,194259.0
2021-11-24,1.119,1.12,1.112,1.119,240251.0,268085.0
2021-11-25,1.113,1.118,1.112,1.116,588712.0,656491.0
2021-11-26,1.106,1.112,1.105,1.108,300641.0,332702.0
2021-11-29,1.104,1.104,1.091,1.102,190229.0,209030.0
2021-11-30,1.098,1.112,1.098,1.104,420018.99999999994,463024.0
2021-12-01,1.095,1.11,1.095,1.11,214003.0,236305.0
2021-12-02,1.1,1.115,1.1,1.113,1211646.0,1344345.0
2021-12-03,1.11,1.127,1.11,1.126,1673700.0,1875580.0
2021-12-06,1.126,1.138,1.126,1.135,1148452.0,1301939.0
2021-12-07,1.134,1.136,1.115,1.13,395484.0,447256.0
2021-12-08,1.13,1.141,1.128,1.141,1451862.0,1649836.0
2021-12-09,1.139,1.16,1.137,1.157,1106633.0,1275182.0
2021-12-10,1.146,1.15,1.143,1.146,298416.0,342009.0
2021-12-13,1.144,1.167,1.144,1.157,855873.0,992812.0
2021-12-14,1.139,1.154,1.139,1.152,301447.0,346564.0
2021-12-15,1.146,1.155,1.14,1.148,391339.0,449026.0
2021-12-16,1.142,1.155,1.14,1.152,372749.0,427341.0
2021-12-17,1.152,1.152,1.135,1.14,430314.00000000006,492670.0
2021-12-20,1.131,1.151,1.124,1.124,526408.0,595439.0
2021-12-21,1.122,1.143,1.122,1.136,379762.0,430614.0
2021-12-22,1.134,1.136,1.128,1.13,931129.9999999999,1052616.0
2021-12-23,1.13,1.138,1.13,1.138,368085.0,417244.0
2021-12-24,1.131,1.136,1.129,1.136,368128.0,416542.0
2021-12-27,1.132,1.138,1.126,1.129,559060.0,631194.0
2021-12-28,1.13,1.137,1.126,1.137,283944.0,321236.0
2021-12-29,1.126,1.137,1.121,1.123,339348.0,381832.0
2021-12-30,1.121,1.137,1.118,1.134,288453.0,326625.0
2021-12-31,1.124,1.139,1.124,1.139,250708.0,284892.0
2022-01-04,1.139,1.139,1.126,1.135,400430.0,452924.0
2022-01-05,1.136,1.137,1.122,1.13,563652.0,637995.0
2022-01-06,1.121,1.127,1.113,1.115,287963.0,321466.0
2022-01-07,1.115,1.14,1.115,1.117,459951.0,517962.99999999994
2022-01-10,1.117,1.119,1.109,1.118,499331.00000000006,555087.0
2022-01-11,1.111,1.12,1.111,1.115,193203.0,215653.0
2022-01-12,1.11,1.125,1.11,1.122,275275.0,306549.0
2022-01-13,1.113,1.121,1.104,1.108,233279.0,258968.0
2022-01-14,1.105,1.105,1.088,1.09,198886.0,217701.0
2022-01-17,1.089,1.1,1.089,1.097,110897.0,121363.0
2022-01-18,1.097,1.116,1.097,1.116,753239.0,834272.0
2022-01-19,1.115,1.12,1.102,1.109,2126057.0,2349998.0
2022-01-20,1.109,1.117,1.106,1.114,1370678.0,1521376.0
2022-01-21,1.108,1.108,1.096,1.098,388292.0,427591.0
2022-01-24,1.098,1.11,1.092,1.105,184218.0,202826.0
2022-01-25,1.099,1.101,1.081,1.081,216331.0,235754.0
2022-01-26,1.083,1.088,1.075,1.088,157511.0,170552.0
2022-01-27,1.078,1.088,1.071,1.071,282234.0,304219.0
2022-01-28,1.071,1.075,1.056,1.057,287442.0,306086.0
2022-02-07,1.058,1.08,1.058,1.078,123995.0,133047.0
2022-02-08,1.073,1.079,1.06,1.076,364647.0,389188.0
2022-02-09,1.076,1.088,1.072,1.088,353779.0,382278.0
2022-02-10,1.075,1.096,1.075,1.095,385946.0,420728.0
2022-02-11,1.087,1.108,1.087,1.092,415691.0,456137.0
2022-02-14,1.092,1.092,1.077,1.087,225160.0,244218.0
2022-02-15,1.078,1.087,1.074,1.085,98069.0,105775.0
2022-02-16,1.085,1.095,1.079,1.085,79197.0,85860.0
2022-02-17,1.083,1.093,1.081,1.09,231588.0,251270.0
2022-02-18,1.073,1.096,1.073,1.096,122829.0,133819.0
2022-02-21,1.088,1.096,1.088,1.096,161070.0,175724.0
2022-02-22,1.077,1.085,1.077,1.085,300514.0,325206.0
2022-02-23,1.084,1.095,1.07,1.095,217296.0,236526.0
2022-02-24,1.084,1.091,1.069,1.082,371528.0,400899.0
2022-02-25,1.079,1.088,1.074,1.082,327291.0,353466.0
2022-02-28,1.082,1.082,1.07,1.08,239203.0,257195.0
2022-03-01,1.077,1.09,1.077,1.09,314156.0,340526.0
2022-03-02,1.09,1.09,1.081,1.084,149334.0,161825.0
2022-03-03,1.088,1.088,1.081,1.082,158948.0,172724.0
2022-03-04,1.082,1.082,1.067,1.071,153102.0,164005.0
2022-03-07,1.064,1.064,1.039,1.045,249237.0,262304.0
2022-03-08,1.045,1.045,1.017,1.017,252204.0,259664.0
2022-03-09,1.018,1.031,0.975,1.01,566144.0,562480.0
2022-03-10,1.016,1.027,1.016,1.021,357546.0,364475.0
2022-03-11,1.0,1.032,0.995,1.032,930974.0,938995.0
2022-03-14,1.013,1.013,0.995,0.998,239054.0,239482.0
2022-03-15,0.984,0.986,0.941,0.942,489253.0,471296.0
2022-03-16,0.942,0.981,0.93,0.98,364618.0,348022.0
2022-03-17,0.981,1.01,0.981,0.994,923495.0000000001,919416.0
2022-03-18,0.994,1.003,0.986,1.003,322962.0,320312.0
2022-03-21,1.001,1.005,0.991,0.997,279616.0,279370.0
2022-03-22,0.992,1.003,0.992,0.999,358150.0,357445.0
2022-03-23,0.999,1.006,0.994,1.006,845868.0,846956.0
2022-03-24,0.999,1.001,0.995,0.999,165872.0,165532.0
2022-03-25,0.996,1.012,0.988,0.988,132703.0,131897.0
2022-03-28,0.983,0.99,0.969,0.989,112141.0,109941.0
2022-03-29,0.985,1.002,0.982,0.987,168979.0,167051.0
2022-03-30,0.985,1.006,0.985,1.004,301342.0,301543.0
2022-03-31,0.998,1.005,0.997,1.001,142814.0,142759.0
2022-04-01,0.997,1.012,0.99,1.01,663945.0,668451.0
2022-04-06,1.005,1.014,1.003,1.012,441554.0,444791.0
2022-04-07,1.01,1.01,1.0,1.002,137117.0,138060.0
2022-04-08,1.002,1.01,0.997,1.01,555851.0,558324.0
2022-04-11,0.998,0.999,0.976,0.984,288420.0,284082.0
2022-04-12,0.989,0.995,0.971,0.995,105958.0,104170.0
2022-04-13,0.985,0.998,0.985,0.991,144410.0,143030.0
2022-04-14,0.995,1.007,0.991,1.005,392854.0,393104.0
2022-04-15,0.997,1.003,0.994,1.002,193292.0,193189.0
2022-04-18,0.996,0.996,0.987,0.994,137300.0,136146.0
2022-04-19,0.992,0.994,0.984,0.991,49302.0,48798.0
2022-04-20,0.986,0.988,0.977,0.979,191057.0,187410.0
2022-04-21,0.98,0.98,0.951,0.956,128154.0,123322.0
2022-04-22,0.951,0.969,0.949,0.968,149057.0,142540.0
2022-04-25,0.951,0.951,0.92,0.92,307943.0,286868.0
2022-04-26,0.911,0.932,0.903,0.909,287145.0,262417.0
2022-04-27,0.9,0.933,0.9,0.933,139734.0,127940.0
2022-04-28,0.933,0.946,0.928,0.94,143775.0,134650.0
2022-04-29,0.935,0.964,0.935,0.962,313728.0,299840.0
2022-05-05,0.964,0.972,0.959,0.972,90628.0,87598.0
2022-05-06,0.959,0.962,0.939,0.94,183567.0,174228.0
2022-05-09,0.934,0.946,0.928,0.939,108705.0,101481.0
2022-05-10,0.93,0.944,0.913,0.944,71919.0,67243.0
2022-05-11,0.944,0.959,0.936,0.952,168121.0,159784.0
2022-05-12,0.941,0.951,0.937,0.951,141607.0,133617.0
2022-05-13,0.944,0.954,0.942,0.954,95559.0,90579.0
2022-05-16,0.958,0.959,0.945,0.95,141444.0,134467.0
2022-05-17,0.95,0.958,0.945,0.958,54319.0,51775.0
2022-05-18,0.958,0.958,0.947,0.956,70672.0,67197.0
2022-05-19,0.941,0.959,0.941,0.959,64025.0,60791.0
2022-05-20,0.96,0.974,0.96,0.974,168030.0,162372.0
2022-05-23,0.959,0.968,0.954,0.968,123535.0,118826.0
2022-05-24,0.965,0.975,0.946,0.948,151575.0,145923.0
2022-05-25,0.946,0.958,0.946,0.957,85008.0,80805.0
2022-05-26,0.957,0.966,0.945,0.961,104385.0,99845.0
2022-05-27,0.963,0.976,0.962,0.964,265039.0,255585.0
2022-05-30,0.966,0.979,0.966,0.97,471371.0,457357.0
2022-05-31,0.973,0.98,0.968,0.98,480764.99999999994,468762.0
2022-06-01,0.98,0.985,0.968,0.979,230095.0,225185.0
2022-06-02,0.979,0.987,0.971,0.982,242481.0,237382.0
2022-06-06,0.982,0.993,0.97,0.992,517772.99999999994,508075.0
2022-06-07,0.992,0.999,0.985,0.995,356953.0,354499.0
2022-06-08,0.989,1.004,0.989,0.999,402901.0,401879.0
2022-06-09,1.006,1.006,0.993,0.996,304100.0,303758.0
2022-06-10,0.983,1.009,0.983,1.008,404654.0,405854.0
2022-06-13,1.007,1.007,0.993,1.002,247186.0,246693.0
2022-06-14,0.981,1.006,0.981,1.005,975629.9999999999,976542.0
2022-06-15,1.005,1.035,1.005,1.023,768618.0,787176.0
2022-06-16,1.02,1.025,1.008,1.012,435993.0,443447.0
2022-06-17,1.012,1.02,1.003,1.02,439228.0,445160.0
2022-06-20,1.018,1.026,1.015,1.02,304940.0,311300.0
2022-06-21,1.02,1.027,1.012,1.021,106639.0,108831.0
2022-06-22,1.019,1.025,0.998,1.002,278007.0,280287.0
2022-06-23,1.0,1.025,1.0,1.024,373240.0,379324.0
2022-06-24,1.023,1.032,1.019,1.03,283234.0,290534.0
2022-06-27,1.03,1.05,1.03,1.047,445509.0,465421.0
2022-06-28,1.047,1.06,1.038,1.059,524375.0,551333.0
2022-06-29,1.06,1.065,1.05,1.052,264264.0,279198.0
2022-06-30,1.053,1.068,1.052,1.066,266104.0,282634.0
2022-07-01,1.062,1.069,1.058,1.064,151881.0,161312.0
2022-07-04,1.054,1.064,1.051,1.064,706755.0,749277.0
2022-07-05,1.064,1.069,1.047,1.061,127625.0,134895.0
2022-07-06,1.055,1.061,1.04,1.046,146687.0,153681.0
2022-07-07,1.04,1.05,1.037,1.05,464092.0,485713.0
2022-07-08,1.047,1.055,1.046,1.049,182431.0,191877.0
2022-07-11,1.037,1.037,1.027,1.034,185827.0,191414.0
2022-07-12,1.031,1.041,1.026,1.03,214768.0,221918.0
2022-07-13,1.023,1.033,1.023,1.028,258611.0,265238.0
2022-07-14,1.02,1.028,1.018,1.025,287476.0,293801.0
2022-07-15,1.014,1.028,1.011,1.011,152475.0,155634.0
2022-07-18,1.01,1.022,1.006,1.022,234811.0,238490.0
2022-07-19,1.014,1.025,1.014,1.025,128146.0,130498.0
2022-07-20,1.018,1.029,1.018,1.028,135457.0,138731.0
2022-07-21,1.025,1.025,1.016,1.019,122774.0,125168.0
2022-07-22,1.019,1.019,1.01,1.017,193803.0,197115.0
2022-07-25,1.011,1.016,1.01,1.012,106552.0,107723.0
2022-07-26,1.011,1.024,1.011,1.022,83165.0,84582.0
2022-07-27,1.016,1.022,1.013,1.016,80214.0,81489.0
2022-07-28,1.016,1.025,1.016,1.022,224316.0,229100.0
2022-07-29,1.015,1.02,1.006,1.008,189781.0,192054.0
2022-08-01,1.005,1.006,0.993,1.006,1546838.0,1548688.0
2022-08-02,1.003,1.003,0.983,0.987,179318.0,177255.0
2022-08-03,0.99,0.998,0.983,0.989,174728.0,173106.0
2022-08-04,0.989,1.006,0.984,0.991,75037.0,74051.0
2022-08-05,0.988,1.003,0.988,1.003,362790.0,361997.0
2022-08-08,1.003,1.008,1.003,1.008,341857.0,343496.0
2022-08-09,1.002,1.012,1.001,1.011,239087.0,240637.0
2022-08-10,1.009,1.011,1.001,1.002,214581.0,215606.0
2022-08-11,1.005,1.019,1.005,1.019,333263.0,337241.0
2022-08-12,1.018,1.02,1.012,1.02,239636.0,243644.0
2022-08-15,1.015,1.02,1.01,1.017,169079.0,171335.0
2022-08-16,1.012,1.023,1.006,1.012,76925.0,77715.0
2022-08-17,1.006,1.017,1.002,1.017,157671.0,159791.0
2022-08-18,1.009,1.009,1.003,1.008,52531.0,52820.0
2022-08-19,1.002,1.005,1.002,1.003,107170.0,107494.0
2022-08-22,0.997,1.012,0.997,1.008,144581.0,145118.0
2022-08-23,1.008,1.008,0.999,1.003,117768.0,117867.0
2022-08-24,0.997,1.002,0.99,0.99,154050.0,153021.0
2022-08-25,0.99,0.997,0.983,0.997,99245.0,98087.0
2022-08-26,0.997,1.002,0.992,0.993,133816.0,133344.0
2022-08-29,0.992,0.992,0.981,0.992,128643.0,126702.0
2022-08-30,0.986,0.992,0.982,0.988,186263.0,183480.0
2022-08-31,0.986,1.003,0.981,0.989,446876.0,441496.0
2022-09-01,0.984,0.993,0.984,0.985,171176.0,169077.0
2022-09-02,0.982,0.992,0.974,0.979,164308.0,160620.0
2022-09-05,0.978,0.982,0.971,0.982,152068.0,147944.0
2022-09-06,0.984,0.994,0.979,0.994,386128.0,381057.0
2022-09-07,0.99,0.99,0.985,0.99,220539.0,218191.0
2022-09-08,0.982,0.998,0.982,0.995,532897.0,529452.0
2022-09-09,0.999,1.008,0.999,1.008,255681.0,256723.0
2022-09-13,1.007,1.013,1.003,1.006,394880.0,398386.0
2022-09-14,0.999,1.006,0.997,1.001,347601.0,347599.0
2022-09-15,1.001,1.015,0.99,1.001,216183.0,216821.0
2022-09-16,0.99,0.991,0.975,0.975,184893.0,182448.0
2022-09-19,0.974,0.982,0.974,0.98,130256.0,127236.0
2022-09-20,0.982,0.982,0.97,0.976,192178.0,186973.0
2022-09-21,0.972,0.983,0.967,0.977,81719.0,79331.0
2022-09-22,0.97,0.976,0.961,0.969,198384.0,191862.0
2022-09-23,0.973,0.973,0.958,0.966,73699.0,71048.0
2022-09-26,0.969,0.972,0.952,0.953,89361.0,85651.0
2022-09-27,0.95,0.967,0.947,0.966,131460.0,125781.0
2022-09-28,0.949,0.964,0.948,0.948,76081.0,72587.0
2022-09-29,0.961,0.961,0.948,0.948,84519.0,80545.0
2022-09-30,0.948,0.956,0.947,0.951,51654.0,49063.0
2022-10-10,0.935,0.945,0.928,0.932,64029.0,60020.0
2022-10-11,0.922,0.946,0.922,0.931,115187.0,107247.0
2022-10-12,0.922,0.94,0.916,0.94,86320.0,80147.0
2022-10-13,0.93,0.94,0.925,0.937,192340.0,179077.0
2022-10-14,0.947,0.951,0.938,0.951,198586.0,188172.0
2022-10-17,0.951,0.954,0.941,0.954,392670.0,371197.0
2022-10-18,0.952,0.954,0.948,0.954,127353.0,121054.0
2022-10-19,0.943,0.951,0.934,0.939,209989.0,197215.0
2022-10-20,0.929,0.952,0.926,0.938,189063.0,177881.0
2022-10-21,0.938,0.941,0.93,0.933,155067.0,145124.0
2022-10-24,0.932,0.937,0.916,0.923,153721.0,142246.0
2022-10-25,0.914,0.922,0.909,0.914,106065.0,96963.0
2022-10-26,0.914,0.924,0.914,0.916,66912.0,61289.0
2022-10-27,0.916,0.92,0.915,0.916,55878.0,51288.0
2022-10-28,0.904,0.915,0.899,0.899,145347.0,131538.0
2022-10-31,0.89,0.901,0.881,0.883,163696.0,145629.0
2022-11-01,0.884,0.907,0.881,0.907,105542.0,94438.0
2022-11-02,0.9,0.92,0.9,0.918,147383.0,134857.0
2022-11-03,0.918,0.918,0.905,0.908,45991.0,41741.0
2022-11-04,0.908,0.933,0.905,0.932,616388.0,568080.0
2022-11-07,0.926,0.938,0.923,0.936,218160.0,202484.0
2022-11-08,0.924,0.933,0.917,0.927,428664.0,397393.0
2022-11-09,0.923,0.931,0.92,0.925,105461.0,97541.0
2022-11-10,0.911,0.921,0.911,0.92,114148.0,104623.0
2022-11-11,0.92,0.945,0.92,0.941,168808.0,157813.0
2022-11-14,0.939,0.955,0.937,0.942,75404.0,71295.0
2022-11-15,0.941,0.959,0.941,0.957,185160.0,176601.0
2022-11-16,0.95,0.957,0.95,0.955,121048.0,115268.0
2022-11-17,0.934,0.949,0.934,0.947,155585.0,146656.0
2022-11-18,0.945,0.952,0.943,0.947,117499.0,111174.0
2022-11-21,0.94,0.94,0.926,0.94,86146.0,80593.0
2022-11-22,0.934,0.955,0.934,0.946,196058.0,185891.0
2022-11-23,0.942,0.97,0.942,0.967,1175891.0,1126026.0
2022-11-24,0.87,0.969,0.87,0.941,301717.0,276388.0
2022-11-25,0.94,0.957,0.935,0.95,283428.0,268180.0
2022-11-28,0.936,0.943,0.928,0.942,424369.0,398049.0
2022-11-29,0.943,0.97,0.943,0.968,1163958.0,1121017.0
2022-11-30,0.966,0.972,0.961,0.966,402296.0,389460.0
2022-12-01,0.969,0.983,0.969,0.977,301259.0,295225.0
2022-12-02,0.977,0.977,0.964,0.97,324635.0,313770.0
2022-12-05,0.98,0.993,0.975,0.993,788576.0,775903.0
2022-12-06,0.992,0.999,0.982,0.993,455787.0,451995.0
2022-12-07,0.99,0.994,0.982,0.985,493230.0,487837.0
2022-12-08,0.985,0.988,0.982,0.988,221000.0,217679.0
2022-12-09,0.988,0.994,0.981,0.994,217538.0,215330.0
2022-12-12,0.994,0.994,0.981,0.983,162574.0,160272.0
2022-12-13,0.979,0.985,0.979,0.982,98852.0,97011.0
2022-12-14,0.982,0.986,0.978,0.984,499260.00000000006,490699.0
2022-12-15,0.977,0.982,0.974,0.979,128708.0,126051.0
2022-12-16,0.976,0.982,0.976,0.981,86271.0,84583.0
2022-12-19,0.981,0.981,0.961,0.967,293345.0,284067.0
2022-12-20,0.958,0.961,0.946,0.955,166346.0,158384.0
2022-12-21,0.951,0.954,0.949,0.95,106703.0,101375.0
2022-12-22,0.953,0.961,0.949,0.952,79067.0,75652.0
2022-12-23,0.951,0.955,0.945,0.952,40389.0,38418.0
2022-12-26,0.952,0.958,0.952,0.958,196135.0,187158.0
2022-12-27,0.96,0.966,0.957,0.965,283721.0,272632.0
2022-12-28,0.956,0.961,0.956,0.96,284512.0,272889.0
2022-12-29,0.954,0.957,0.95,0.957,74539.0,71038.0
2022-12-30,0.955,0.96,0.955,0.96,130833.0,125119.0
2023-01-03,0.96,0.972,0.952,0.97,95881.0,92175.0
2023-01-04,0.968,0.972,0.964,0.972,105346.0,102113.0
2023-01-05,0.963,0.986,0.963,0.986,159639.0,156578.0
2023-01-06,0.978,0.984,0.978,0.984,164346.0,161496.0
2023-01-09,0.984,0.988,0.982,0.986,204779.0,201616.0
2023-01-10,0.984,0.989,0.981,0.987,69624.0,68544.0
2023-01-11,0.987,0.991,0.981,0.988,68773.0,68027.0
2023-01-12,0.986,0.988,0.98,0.984,74993.0,73766.0
2023-01-13,0.983,0.995,0.983,0.993,355910.0,352608.0
2023-01-16,0.993,1.015,0.993,1.003,396276.0,399146.0
2023-01-17,1.006,1.01,1.003,1.007,147593.0,148376.0
2023-01-18,1.01,1.01,1.005,1.008,141831.0,142892.0
2023-01-19,1.002,1.013,1.0,1.013,241554.0,243329.0
2023-01-20,1.013,1.023,1.013,1.022,161945.0,165188.0
2023-01-30,1.021,1.035,1.021,1.024,302563.0,310742.0
2023-01-31,1.021,1.024,1.014,1.015,281186.0,286585.0
2023-02-01,1.015,1.024,1.012,1.024,485862.0,495263.0
2023-02-02,1.023,1.025,1.019,1.023,191691.0,195904.0
2023-02-03,1.015,1.02,1.009,1.017,215493.0,217710.0
2023-02-06,1.009,1.012,1.003,1.007,156323.0,157110.0
2023-02-07,1.007,1.011,1.006,1.009,209312.0,211039.0
2023-02-08,1.009,1.01,1.001,1.006,135543.0,136384.0
2023-02-09,1.001,1.016,1.001,1.014,465693.0,470218.0
2023-02-10,1.009,1.013,1.007,1.01,70203.0,70915.0
2023-02-13,1.009,1.019,1.008,1.016,224757.0,228027.0
2023-02-14,1.017,1.019,1.013,1.019,105638.0,107368.0
2023-02-15,1.018,1.019,1.016,1.019,460346.0,468286.0
2023-02-16,1.016,1.029,1.001,1.013,310866.0,317925.0
2023-02-17,1.014,1.014,1.0,1.001,337869.0,340637.0
2023-02-20,1.009,1.026,1.0,1.026,269342.0,273834.0
2023-02-21,1.026,1.033,1.024,1.031,323794.0,333336.0
2023-02-22,1.023,1.031,1.022,1.025,368921.0,378717.0
2023-02-23,1.025,1.025,1.017,1.023,105203.0,107275.0
2023-02-24,1.017,1.02,1.011,1.017,96609.0,98025.0
2023-02-27,1.01,1.015,1.005,1.012,149749.0,151434.0
2023-02-28,1.012,1.02,1.006,1.02,98428.0,99655.0
2023-03-01,1.016,1.034,1.015,1.032,303114.0,311762.0
2023-03-02,1.032,1.039,1.032,1.034,598358.0,620080.0
2023-03-03,1.034,1.043,1.027,1.042,415627.00000000006,431030.0
2023-03-06,1.042,1.044,1.032,1.035,434112.0,451144.0
2023-03-07,1.039,1.045,1.022,1.024,528035.0,546565.0
2023-03-08,1.023,1.023,1.013,1.02,291644.0,296495.0
2023-03-09,1.013,1.02,1.011,1.018,174336.0,177226.0
2023-03-10,1.016,1.016,1.0,1.003,293626.0,294990.0
2023-03-13,1.003,1.015,1.001,1.015,227448.0,230029.0
2023-03-14,1.015,1.015,1.002,1.009,348448.0,351388.0
2023-03-15,1.005,1.017,1.005,1.007,114675.0,115641.0
2023-03-16,1.007,1.007,0.998,1.0,272380.0,272644.0
2023-03-17,0.999,1.016,0.999,1.007,428660.99999999994,431811.0
2023-03-20,1.005,1.015,1.0,1.001,172938.0,174016.0
2023-03-21,1.001,1.008,1.001,1.007,249152.0,250112.0
2023-03-22,1.004,1.012,1.002,1.011,257838.0,259954.0
2023-03-23,1.011,1.024,1.009,1.024,514393.0,523592.0
2023-03-24,1.023,1.023,1.012,1.019,249909.0,253941.0
2023-03-27,1.019,1.019,1.0,1.008,344142.0,346716.0
2023-03-28,1.01,1.015,1.004,1.005,168913.0,170382.0
2023-03-29,1.005,1.009,1.0,1.005,209104.0,209688.0
2023-03-30,1.005,1.015,1.001,1.015,211099.0,212806.0
2023-03-31,1.002,1.017,1.002,1.017,426385.99999999994,431985.0
2023-04-03,1.017,1.027,1.013,1.025,337596.0,345070.0
2023-04-04,1.029,1.032,1.022,1.032,291448.0,299779.0
2023-04-06,1.032,1.035,1.025,1.035,442939.00000000006,456661.0
2023-04-07,1.027,1.04,1.027,1.039,427822.0,443763.0
2023-04-10,1.04,1.04,1.027,1.033,136875.0,141688.0
2023-04-11,1.028,1.033,1.026,1.031,115410.0,118611.0
2023-04-12,1.029,1.036,1.028,1.035,218696.0,225661.0
2023-04-13,1.035,1.035,1.023,1.024,245232.0,251796.0
2023-04-14,1.025,1.032,1.023,1.031,133230.0,137149.0
2023-04-17,1.023,1.044,1.023,1.043,578377.0,600655.0
2023-04-18,1.043,1.046,1.037,1.046,649783.0,677480.0
2023-04-19,1.046,1.046,1.031,1.035,278401.0,288741.0
2023-04-20,1.031,1.033,1.025,1.032,57575.0,59196.0
2023-04-21,1.027,1.032,1.01,1.015,295467.0,301565.0
2023-04-24,1.011,1.011,0.997,0.999,394996.0,397089.0
2023-04-25,0.999,1.006,0.991,1.001,561251.0,560618.0
2023-04-26,0.997,1.0,0.991,0.994,163569.0,162880.0
2023-04-27,0.991,0.998,0.989,0.997,100365.0,99664.0
2023-04-28,0.996,1.012,0.996,1.012,173099.0,173797.0
2023-05-04,1.01,1.012,0.999,1.012,207302.0,209067.0
2023-05-05,1.011,1.017,0.975,1.009,155903.0,156995.0
2023-05-08,1.006,1.026,1.0,1.024,347388.0,353657.0
2023-05-09,1.023,1.035,1.018,1.018,485021.0,499104.0
2023-05-10,1.016,1.016,1.002,1.007,284775.0,287675.0
2023-05-11,1.004,1.007,1.001,1.001,90512.0,90840.0
2023-05-12,1.0,1.002,0.99,0.99,269600.0,268283.0
2023-05-15,0.985,0.999,0.98,0.999,210734.0,208641.0
2023-05-16,0.993,0.996,0.991,0.993,206422.0,205211.0
2023-05-17,0.99,0.996,0.983,0.991,196684.0,194508.0
2023-05-18,0.991,0.995,0.985,0.99,87782.0,87080.0
2023-05-19,0.988,0.989,0.982,0.987,142929.0,140943.0
2023-05-22,0.983,0.992,0.983,0.991,81054.0,80055.0
2023-05-23,0.985,0.988,0.98,0.98,255454.0,251150.0
2023-05-24,0.973,0.979,0.965,0.967,202100.0,196210.0
2023-05-25,0.966,0.966,0.959,0.961,172834.0,166032.0
2023-05-26,0.961,0.972,0.957,0.965,107015.0,102815.0
2023-05-29,0.956,0.971,0.956,0.965,96120.0,92750.0
2023-05-30,0.965,0.968,0.953,0.967,214460.0,205852.0
2023-05-31,0.957,0.969,0.956,0.969,124657.0,119565.0
2023-06-01,0.932,0.967,0.932,0.962,138157.0,132882.0
2023-06-02,0.963,0.973,0.963,0.971,162201.0,156892.0
2023-06-05,0.969,0.974,0.965,0.97,69761.0,67554.0
2023-06-06,0.966,0.973,0.956,0.956,78224.0,75652.0
2023-06-07,0.956,0.965,0.956,0.956,49301.0,47292.0
2023-06-08,0.955,0.966,0.952,0.965,85129.0,81791.0
2023-06-09,0.964,0.969,0.959,0.969,99443.0,95835.0
2023-06-12,0.968,0.974,0.966,0.972,172314.0,167186.0
2023-06-13,0.964,0.978,0.96,0.978,644255.0,625535.0
2023-06-14,0.978,0.983,0.975,0.981,63032.0,61726.0
2023-06-15,0.977,0.989,0.977,0.988,283972.0,279231.0
2023-06-16,0.987,0.998,0.987,0.998,449122.0,445909.0
2023-06-19,0.998,0.998,0.987,0.997,130604.0,129415.0
2023-06-20,0.995,0.998,0.991,0.997,308702.0,306927.0
2023-06-21,0.989,0.994,0.982,0.986,91972.0,91020.0
2023-06-26,0.981,0.981,0.966,0.97,142860.0,138914.0
2023-06-27,0.966,0.98,0.966,0.978,183800.0,178476.0
2023-06-28,0.973,0.977,0.968,0.977,226763.0,220674.0
2023-06-29,0.97,0.975,0.97,0.975,91616.0,89055.0
2023-06-30,0.971,0.98,0.966,0.98,114804.0,112214.0
2023-07-03,0.982,0.99,0.982,0.99,142112.0,140046.0
2023-07-04,0.987,0.991,0.984,0.99,96351.0,95042.0
2023-07-05,0.998,0.998,0.982,0.984,84613.0,83361.0
2023-07-06,0.983,0.984,0.978,0.981,222266.0,217643.0
2023-07-07,0.975,0.981,0.972,0.978,81083.0,79151.0
2023-07-10,0.97,0.984,0.97,0.982,101237.0,99264.0
2023-07-11,0.982,0.99,0.979,0.989,361795.0,356160.0
2023-07-12,0.981,0.987,0.979,0.982,251896.0,247267.0
2023-07-13,0.982,0.994,0.977,0.994,231999.0,229649.0
2023-07-14,0.995,0.999,0.993,0.997,172675.0,171972.0
2023-07-17,0.997,0.997,0.987,0.993,95339.0,94472.0
2023-07-18,0.987,0.993,0.987,0.99,46459.0,45984.0
2023-07-19,0.994,0.994,0.986,0.991,63034.0,62265.0
2023-07-20,0.982,0.995,0.98,0.983,203982.0,201324.0
2023-07-21,0.977,0.984,0.976,0.98,204488.0,200093.0
2023-07-24,0.974,0.982,0.974,0.98,217252.0,212498.0
2023-07-25,0.981,1.002,0.981,1.002,391882.0,391247.0
2023-07-26,0.997,0.999,0.996,0.999,221612.0,221029.0
2023-07-27,0.999,1.005,0.999,0.999,214907.0,215434.0
2023-07-28,0.995,1.018,0.994,1.017,482016.0,487494.0
2023-07-31,1.017,1.035,1.017,1.024,463041.0,474538.0
2023-08-01,1.024,1.029,1.018,1.019,165972.0,169636.0
2023-08-02,1.019,1.022,1.01,1.015,371624.0,377192.0
2023-08-03,1.01,1.02,1.009,1.02,116731.0,118201.0
2023-08-04,1.02,1.032,1.02,1.028,589295.0,606073.0
2023-08-07,1.028,1.028,1.018,1.02,326997.0,333917.0
2023-08-08,1.017,1.024,1.015,1.02,422010.99999999994,430062.0
2023-08-09,1.012,1.02,1.011,1.016,264632.0,268648.0
2023-08-10,1.012,1.017,1.009,1.016,216251.0,218678.0
2023-08-11,1.013,1.014,0.994,0.995,191751.0,192243.0
2023-08-14,0.99,0.995,0.983,0.995,83341.0,82367.0
2023-08-15,0.991,0.995,0.985,0.991,201288.0,199655.0
2023-08-16,0.985,0.991,0.981,0.985,92995.0,91748.0
2023-08-17,0.985,0.99,0.976,0.989,84286.0,82692.0
2023-08-18,0.989,0.993,0.979,0.979,67796.0,66521.0
2023-08-21,0.975,0.976,0.966,0.966,118112.0,114728.0
2023-08-22,0.965,0.977,0.96,0.977,96982.0,93768.0
2023-08-23,0.97,0.972,0.96,0.96,89446.0,86367.0
2023-08-24,0.963,0.968,0.958,0.965,45244.0,43552.0
2023-08-25,0.958,0.96,0.951,0.957,180627.0,172770.0
2023-08-28,0.965,1.005,0.965,0.969,662194.0,655989.0
2023-08-29,0.966,0.975,0.966,0.975,178653.0,173570.0
2023-08-30,0.975,0.978,0.971,0.975,189566.0,184500.0
2023-08-31,0.97,0.975,0.967,0.97,67342.0,65340.0
2023-09-01,0.965,0.978,0.965,0.977,71812.0,70099.0
2023-09-04,0.977,0.991,0.977,0.99,102702.0,101380.0
2023-09-05,0.99,0.99,0.981,0.984,110796.0,108889.0
2023-09-06,0.99,0.99,0.976,0.984,53516.0,52414.0
2023-09-07,0.988,0.988,0.974,0.976,57355.0,56057.0
2023-09-08,0.968,0.973,0.968,0.971,68998.0,66930.0
2023-09-11,0.971,0.98,0.969,0.977,32783.0,31902.0
2023-09-12,0.974,0.975,0.971,0.972,56001.0,54543.0
2023-09-13,0.972,0.974,0.964,0.965,85713.0,82882.0
2023-09-14,0.965,0.975,0.965,0.967,46194.0,44696.0
2023-09-15,0.966,0.972,0.96,0.964,500124.0,483925.0
2023-09-18,0.96,0.964,0.955,0.962,321619.0,309299.0
2023-09-19,0.958,0.962,0.956,0.958,89725.0,85997.0
2023-09-20,0.955,0.96,0.955,0.956,72755.0,69587.0
2023-09-21,0.951,0.956,0.951,0.952,88628.0,84490.0
2023-09-22,0.945,0.964,0.945,0.964,177149.0,169860.0
2023-09-25,0.96,0.962,0.956,0.956,93623.0,89588.0
2023-09-26,0.957,0.957,0.952,0.952,176737.0,168427.0
2023-09-27,0.956,0.956,0.949,0.951,102665.0,97705.0
2023-09-28,0.951,0.954,0.951,0.954,55940.0,53259.0
2023-10-09,0.953,0.953,0.941,0.952,135260.0,128161.0
2023-10-10,0.952,0.956,0.946,0.949,413602.0,394587.0
2023-10-11,0.947,0.953,0.946,0.947,47822.0,45353.0
2023-10-12,0.946,0.956,0.946,0.952,238800.0,226521.0
2023-10-13,0.946,0.946,0.94,0.941,73695.0,69437.0
2023-10-16,0.936,0.94,0.935,0.935,68067.0,63788.0
2023-10-17,0.934,0.957,0.934,0.939,95222.0,89155.0
2023-10-18,0.933,0.935,0.929,0.929,188254.0,175555.0
2023-10-19,0.924,0.924,0.915,0.915,218269.0,201093.0
2023-10-20,0.912,0.914,0.906,0.91,47400.0,43170.0
2023-10-23,0.906,0.906,0.892,0.898,245502.0,220889.0
2023-10-24,0.89,0.926,0.88,0.904,166954.0,149148.0
2023-10-25,0.909,0.916,0.904,0.912,90304.0,82171.0
2023-10-26,0.908,0.915,0.904,0.915,51010.0,46389.0
2023-10-27,0.915,0.923,0.912,0.92,29024.0,26555.0
2023-10-30,0.918,0.925,0.912,0.921,161063.0,148164.0
2023-10-31,0.919,0.92,0.914,0.92,72530.0,66435.0
2023-11-01,0.92,0.92,0.912,0.916,108187.0,98922.0
2023-11-02,0.908,0.921,0.908,0.914,31913.0,29196.0
2023-11-03,0.91,0.921,0.91,0.917,147627.0,135350.0
2023-11-06,0.915,0.926,0.915,0.926,160220.0,147912.0
2023-11-07,0.922,0.926,0.92,0.926,138636.0,127768.0
2023-11-08,0.92,0.927,0.916,0.924,182670.0,168263.0
2023-11-09,0.921,0.927,0.921,0.924,139880.0,129241.0
2023-11-10,0.919,0.923,0.916,0.92,88401.0,81156.0
2023-11-13,0.92,0.93,0.918,0.929,338292.0,312081.0
2023-11-14,0.929,0.929,0.921,0.923,133385.0,123244.0
2023-11-15,0.928,0.93,0.925,0.928,73016.0,67826.0
2023-11-16,0.924,0.925,0.923,0.923,96925.0,89546.0
2023-11-17,0.915,0.926,0.915,0.926,512833.0,473029.0
2023-11-20,0.92,0.929,0.917,0.929,211288.0,194460.0
2023-11-21,0.929,0.931,0.923,0.923,70796.0,65545.0
2023-11-22,0.919,0.922,0.919,0.92,65700.0,60499.0
2023-11-23,0.92,0.921,0.912,0.921,126388.0,115881.0
2023-11-24,0.921,0.925,0.914,0.915,58609.0,53795.0
2023-11-27,0.915,0.915,0.908,0.913,40615.0,37009.0
2023-11-28,0.908,0.915,0.908,0.915,98205.0,89482.0
2023-11-29,0.906,0.911,0.902,0.905,46513.0,42242.0
2023-11-30,0.905,0.907,0.903,0.907,29382.0,26595.0
2023-12-01,0.905,0.906,0.9,0.902,66562.0,59986.0
2023-12-04,0.903,0.924,0.903,0.903,44565.0,40493.0
2023-12-05,0.901,0.901,0.89,0.89,204797.0,182888.0
2023-12-06,0.88,0.903,0.88,0.896,164431.0,145727.0
2023-12-07,0.888,0.896,0.878,0.885,70564.0,62280.0
2023-12-08,0.88,0.895,0.879,0.882,111122.0,97904.0
2023-12-11,0.873,0.897,0.873,0.888,78380.0,69206.0
2023-12-12,0.886,0.891,0.885,0.891,72896.0,64749.0
2023-12-13,0.891,0.892,0.88,0.882,202231.0,179844.0
2023-12-14,0.877,0.902,0.877,0.881,151895.0,135456.0
2023-12-15,0.881,0.898,0.881,0.894,409732.0,364508.0
2023-12-18,0.896,0.896,0.88,0.89,333086.0,293801.0
2023-12-19,0.878,0.885,0.869,0.872,372007.0,324913.0
2023-12-20,0.871,0.873,0.861,0.861,196739.0,170442.0
2023-12-21,0.861,0.875,0.86,0.868,67263.0,58008.0
2023-12-22,0.865,0.876,0.861,0.868,166190.0,144045.0
2023-12-25,0.874,0.874,0.868,0.872,160946.0,140031.0
2023-12-26,0.867,0.869,0.867,0.869,57986.0,50329.0
2023-12-27,0.867,0.875,0.867,0.87,67592.0,58844.0
2023-12-28,0.869,0.889,0.869,0.887,153675.0,134809.0
2023-12-29,0.882,0.894,0.881,0.89,184980.0,164096.0
2024-01-02,0.885,0.885,0.872,0.881,94789.0,83508.0
2024-01-03,0.876,0.885,0.874,0.885,124146.0,108748.0
2024-01-04,0.87,0.882,0.868,0.882,194117.0,169206.0
2024-01-05,0.871,0.885,0.87,0.87,135524.0,118441.0
2024-01-08,0.87,0.87,0.859,0.859,111600.0,96173.0
2024-01-09,0.859,0.859,0.852,0.858,111469.0,95563.0
2024-01-10,0.848,0.858,0.848,0.849,133573.0,113582.0
2024-01-11,0.858,0.858,0.848,0.853,90071.0,76641.0
2024-01-12,0.85,0.859,0.85,0.851,270643.0,232078.0
2024-01-15,0.851,0.857,0.844,0.855,275077.0,234332.0
2024-01-16,0.847,0.858,0.845,0.854,148999.0,126520.0
2024-01-17,0.854,0.854,0.841,0.842,146219.0,123398.0
2024-01-18,0.84,0.849,0.825,0.849,359324.0,299838.0
2024-01-19,0.83,0.851,0.83,0.847,46021.0,38833.0
2024-01-22,0.842,0.846,0.825,0.84,267063.0,223413.0
2024-01-23,0.827,0.841,0.823,0.838,165810.0,136959.0
2024-01-24,0.837,0.849,0.825,0.849,178675.0,149436.0
2024-01-25,0.846,0.875,0.846,0.875,882637.9999999999,765290.0
2024-01-26,0.87,0.88,0.866,0.874,507483.0,442764.0
2024-01-29,0.876,0.883,0.87,0.871,458179.0,402827.0
2024-01-30,0.871,0.874,0.862,0.874,538537.0,466018.0
2024-01-31,0.874,0.874,0.845,0.853,638850.0,545471.0
2024-02-01,0.848,0.869,0.846,0.851,387487.0,330035.0
2024-02-02,0.851,0.856,0.823,0.845,306261.0,257603.0
2024-02-05,0.834,0.848,0.821,0.839,915478.0000000001,760413.0
2024-02-06,0.833,0.864,0.833,0.864,402060.0,342099.0
2024-02-07,0.864,0.873,0.864,0.873,392404.0,341254.0
2024-02-08,0.872,0.887,0.872,0.882,414157.0,363467.0
2024-02-19,0.899,0.899,0.882,0.895,467968.99999999994,416196.0
2024-02-20,0.89,0.894,0.887,0.893,311906.0,278367.0
2024-02-21,0.893,0.913,0.885,0.907,1077065.0,975325.0
2024-02-22,0.907,0.914,0.894,0.914,385125.0,350590.0
2024-02-23,0.906,0.918,0.906,0.916,658832.0,601360.0
2024-02-26,0.912,0.914,0.906,0.906,438497.99999999994,398754.0
2024-02-27,0.891,0.917,0.891,0.917,400918.0,366035.0
2024-02-28,0.915,0.924,0.91,0.91,843746.9999999999,776914.0
2024-02-29,0.91,0.923,0.907,0.923,551288.0,506557.0
2024-03-01,0.923,0.93,0.922,0.928,811583.0,752276.0
2024-03-04,0.928,0.933,0.923,0.93,164618.0,152681.0
2024-03-05,0.933,0.937,0.928,0.937,395326.0,369571.0
2024-03-06,0.924,0.939,0.924,0.939,321416.0,300740.0
2024-03-07,0.942,0.942,0.925,0.933,110420.0,103397.0
2024-03-08,0.927,0.935,0.927,0.935,142237.0,132458.0
2024-03-11,0.94,0.94,0.93,0.937,169087.0,157875.0
2024-03-12,0.936,0.939,0.932,0.936,73196.0,68510.0
2024-03-13,0.929,0.933,0.927,0.933,378016.0,351910.0
2024-03-14,0.933,0.934,0.927,0.93,56973.0,53090.0
2024-03-15,0.925,0.934,0.921,0.934,35367.0,32721.0
2024-03-18,0.933,0.94,0.924,0.94,122679.0,114903.0
2024-03-19,0.94,0.94,0.936,0.937,53992.0,50636.0
2024-03-20,0.93,0.938,0.93,0.938,92238.0,86117.0
2024-03-21,0.93,0.939,0.93,0.936,170428.0,159174.0
2024-03-22,0.939,0.939,0.924,0.929,134998.0,125313.0
2024-03-25,0.925,0.935,0.925,0.927,70121.0,65257.0
2024-03-26,0.923,0.928,0.921,0.928,54569.0,50432.0
2024-03-27,0.922,0.927,0.917,0.917,71844.0,66241.0
2024-03-28,0.918,0.93,0.912,0.928,238625.0,221237.0
2024-03-29,0.918,0.93,0.918,0.93,140440.0,130212.0
2024-04-01,0.929,0.944,0.929,0.942,295203.0,277328.0
2024-04-02,0.933,0.942,0.933,0.938,58221.0,54515.0
2024-04-03,0.934,0.935,0.93,0.935,312187.0,291548.0
2024-04-08,0.932,0.94,0.93,0.932,134018.0,125112.0
2024-04-09,0.932,0.932,0.925,0.928,119482.0,110904.0
2024-04-10,0.928,0.931,0.92,0.923,83961.0,77609.0
2024-04-11,0.921,0.927,0.92,0.927,67364.0,62209.0
2024-04-12,0.923,0.928,0.923,0.923,200723.0,185342.0
2024-04-15,0.925,0.939,0.923,0.939,300451.0,279582.0
2024-04-16,0.939,0.939,0.927,0.932,375827.0,351492.0
2024-04-17,0.927,0.945,0.927,0.944,399413.0,374764.0
2024-04-18,0.944,0.95,0.941,0.945,97306.0,92151.0
2024-04-19,0.942,0.945,0.937,0.939,128403.0,120418.0
2024-04-22,0.933,0.941,0.932,0.933,54431.0,51044.0
2024-04-23,0.934,0.934,0.921,0.923,100621.0,93290.0
2024-04-24,0.923,0.929,0.921,0.929,65741.0,60841.0
2024-04-25,0.923,0.929,0.923,0.927,8254.0,7640.0
2024-04-26,0.926,0.939,0.926,0.939,171845.0,160550.0
2024-04-29,0.939,0.95,0.935,0.935,354179.0,334676.0
2024-04-30,0.938,0.945,0.938,0.945,151546.0,142832.0
2024-05-06,0.948,0.953,0.946,0.951,234540.0,222406.0
2024-05-07,0.947,0.951,0.946,0.949,248582.0,235725.0
2024-05-08,0.946,0.948,0.944,0.944,129412.0,122249.0
2024-05-09,0.945,0.952,0.938,0.952,159205.0,151136.0
2024-05-10,0.951,0.954,0.946,0.954,181863.0,173180.0
2024-05-13,0.953,0.956,0.946,0.954,275325.0,262525.0
2024-05-14,0.954,0.955,0.949,0.953,98343.0,93621.0
2024-05-15,0.953,0.953,0.948,0.949,192206.0,182589.0
2024-05-16,0.944,0.954,0.944,0.95,953410.0,904198.0
2024-05-17,0.947,0.96,0.946,0.96,490164.00000000006,467590.0
2024-05-20,0.964,0.968,0.961,0.966,788535.0,761978.0
2024-05-21,0.959,0.973,0.959,0.965,632855.0,608755.0
2024-05-22,0.961,0.968,0.961,0.964,192032.0,185209.0
2024-05-23,0.959,0.959,0.951,0.951,292981.0,279853.0
2024-05-24,0.953,0.953,0.945,0.945,175565.0,166629.0
2024-05-27,0.944,0.955,0.944,0.955,343185.0,325141.0
2024-05-28,0.954,0.955,0.946,0.951,123548.0,117545.0
2024-05-29,0.947,0.954,0.945,0.949,81767.0,77460.0
2024-05-30,0.941,0.949,0.941,0.945,128637.0,121580.0
2024-05-31,0.948,0.948,0.942,0.942,211447.0,199655.0
2024-06-03,0.937,0.946,0.937,0.942,32430.0,30462.0
2024-06-04,0.94,0.949,0.94,0.948,433097.99999999994,410176.0
2024-06-05,0.942,0.951,0.942,0.946,51095.0,48470.0
2024-06-06,0.946,0.955,0.946,0.947,131642.0,125095.0
2024-06-07,0.944,0.952,0.941,0.948,209192.0,198226.0
2024-06-11,0.945,0.946,0.94,0.942,104948.0,98793.0
2024-06-12,0.941,0.945,0.939,0.944,169027.0,159215.0
2024-06-13,0.941,0.944,0.936,0.94,176188.0,165144.0
2024-06-14,0.936,0.945,0.936,0.945,61428.0,57650.0
2024-06-17,0.94,0.943,0.939,0.939,18590.0,17476.0
2024-06-18,0.929,0.943,0.929,0.943,36143.0,33939.0
2024-06-19,0.939,0.942,0.939,0.939,49440.0,46498.0
2024-06-20,0.938,0.938,0.932,0.935,231304.0,216539.0
2024-06-21,0.933,0.935,0.927,0.935,242975.0,226031.0
2024-06-24,0.929,0.93,0.927,0.928,532552.0,494312.0
2024-06-25,0.926,0.927,0.919,0.924,287384.0,265735.0
2024-06-26,0.92,0.931,0.914,0.931,130046.0,119679.0
2024-06-27,0.92,0.925,0.92,0.922,116060.0,106960.0
2024-06-28,0.92,0.934,0.92,0.931,325163.0,302053.0
2024-07-01,0.928,0.94,0.928,0.94,357115.0,334047.0
2024-07-02,0.934,0.937,0.933,0.936,65466.0,61225.0
2024-07-03,0.93,0.931,0.93,0.93,108234.0,100664.0
2024-07-04,0.931,0.935,0.926,0.926,31321.0,29189.0
2024-07-05,0.924,0.925,0.917,0.925,273641.0,251655.0
2024-07-08,0.92,0.922,0.914,0.917,61183.0,56174.0
2024-07-09,0.915,0.927,0.912,0.927,112405.0,103169.0
2024-07-10,0.929,0.929,0.92,0.921,32020.0,29557.0
2024-07-11,0.921,0.936,0.921,0.936,243356.0,226848.0
2024-07-12,0.93,0.938,0.93,0.938,72220.0,67641.0
2024-07-15,0.932,0.939,0.932,0.938,117487.0,110098.0
2024-07-16,0.935,0.95,0.935,0.95,213275.0,201393.0
2024-07-17,0.943,0.95,0.942,0.946,57747.0,54625.0
2024-07-18,0.943,0.954,0.941,0.954,220577.0,208723.0
2024-07-19,0.944,0.956,0.944,0.956,69587.0,66279.0
2024-07-22,0.952,0.955,0.947,0.952,91595.0,86980.0
2024-07-23,0.949,0.949,0.926,0.935,192600.0,181176.0
2024-07-24,0.931,0.936,0.929,0.933,293067.0,272819.0
2024-07-25,0.927,0.927,0.917,0.921,174150.0,160592.0
2024-07-26,0.921,0.932,0.921,0.932,64590.0,59862.0
2024-07-29,0.932,0.932,0.924,0.928,66116.0,61301.0
2024-07-30,0.921,0.922,0.915,0.917,216995.0,199310.0
2024-07-31,0.916,0.936,0.916,0.934,157032.0,145508.0
2024-08-01,0.932,0.933,0.926,0.93,17871.0,16638.0
2024-08-02,0.927,0.927,0.916,0.922,187260.0,172083.0
2024-08-05,0.917,0.92,0.906,0.908,384625.0,350801.0
2024-08-06,0.907,0.908,0.902,0.905,130344.0,118109.0
2024-08-07,0.904,0.914,0.904,0.907,95059.0,86423.0
2024-08-08,0.902,0.912,0.901,0.905,94993.0,85881.0
2024-08-09,0.9,0.913,0.9,0.903,119498.0,108221.0
2024-08-12,0.903,0.903,0.897,0.9,52336.0,47156.0
2024-08-13,0.898,0.899,0.896,0.898,31376.0,28186.0
2024-08-14,0.898,0.904,0.895,0.895,29891.0,26835.0
2024-08-15,0.884,0.905,0.884,0.902,156330.0,140481.0
2024-08-16,0.9,0.907,0.872,0.903,44607.0,40076.0
2024-08-19,0.897,0.91,0.897,0.901,69744.0,62962.0
2024-08-20,0.897,0.898,0.891,0.895,850825.0,758311.0
2024-08-21,0.895,0.895,0.89,0.892,5173.0,4616.0
2024-08-22,0.883,0.895,0.883,0.886,95739.0,84834.0
2024-08-23,0.887,0.893,0.885,0.893,91048.0,81032.0
2024-08-26,0.89,0.891,0.887,0.891,50439.0,44806.0
2024-08-27,0.89,0.89,0.881,0.887,101972.0,89986.0
2024-08-28,0.882,0.883,0.881,0.881,24006.0,21153.0
2024-08-29,0.877,0.884,0.877,0.88,27409.0,24120.0
2024-08-30,0.884,0.897,0.884,0.895,65336.0,58172.0
2024-09-02,0.895,0.895,0.879,0.88,26548.0,23384.0
2024-09-03,0.874,0.887,0.874,0.887,272415.0,239172.0
2024-09-04,0.876,0.884,0.871,0.871,150634.0,131715.0
2024-09-05,0.867,0.877,0.866,0.87,61761.0,53567.0
2024-09-06,0.87,0.876,0.866,0.866,15158.0,13185.0
2024-09-09,0.863,0.866,0.851,0.852,95626.0,82439.0
2024-09-10,0.852,0.859,0.852,0.853,21468.0,18343.0
2024-09-11,0.853,0.853,0.85,0.85,335101.0,285798.0
2024-09-12,0.85,0.851,0.843,0.849,75149.0,63681.0
2024-09-13,0.843,0.856,0.843,0.845,807704.0,684129.0
2024-09-18,0.845,0.848,0.84,0.844,209990.0,176588.0
2024-09-19,0.857,0.86,0.844,0.858,109617.0,93493.0
2024-09-20,0.851,0.861,0.85,0.861,137192.0,116814.0
2024-09-23,0.857,0.864,0.857,0.864,96076.0,82659.0
2024-09-24,0.87,0.899,0.862,0.899,1035295.0000000001,906880.0
2024-09-25,0.902,0.93,0.902,0.917,1670650.9999999998,1532349.0
2024-09-26,0.916,0.938,0.897,0.938,442343.0,406270.0
2024-09-27,0.94,0.976,0.94,0.974,905808.0,872377.0
2024-09-30,0.988,1.06,0.988,1.052,3730824.0,3873695.0
2024-10-08,1.157,1.157,1.08,1.103,4579889.0,5161595.0
2024-10-09,1.095,1.095,1.01,1.026,3351912.0000000005,3501115.0
2024-10-10,1.015,1.05,1.01,1.035,1601658.0,1655834.0
2024-10-11,1.035,1.046,0.992,1.01,1036386.0,1048497.0000000001
2024-10-14,1.01,1.025,1.001,1.025,1392945.0,1416125.0
2024-10-15,1.015,1.026,1.001,1.002,408025.0,413650.0
2024-10-16,1.002,1.011,0.984,1.007,620743.0,621758.0
2024-10-17,1.006,1.012,0.989,0.989,398306.0,398385.0
2024-10-18,0.989,1.038,0.98,1.02,1069277.0,1084713.0
2024-10-21,1.021,1.038,1.02,1.025,1187840.0,1220519.0
2024-10-22,1.029,1.065,1.01,1.031,1757239.0,1831005.0
2024-10-23,1.031,1.04,1.031,1.033,789867.0,817913.0
2024-10-24,1.03,1.03,1.016,1.023,340309.0,347417.0
2024-10-25,1.025,1.03,1.016,1.028,660521.0,676122.0
2024-10-28,1.024,1.035,1.017,1.029,742612.0,761602.0
2024-10-29,1.021,1.038,1.021,1.025,1408275.0,1453828.0
2024-10-30,1.025,1.025,1.01,1.018,1696470.0,1723481.0
2024-10-31,1.015,1.024,1.012,1.02,740056.0,754007.0
2024-11-01,1.018,1.031,1.018,1.023,1006304.0000000001,1031309.0
2024-11-04,1.021,1.038,1.021,1.034,582287.0,597511.0
2024-11-05,1.038,1.06,1.034,1.059,1821134.0,1907394.0
2024-11-06,1.06,1.069,1.04,1.06,1120847.0,1188563.0
2024-11-07,1.065,1.086,1.041,1.083,1588134.0,1702652.0
2024-11-08,1.083,1.099,1.071,1.087,1060243.0,1150578.0
2024-11-11,1.082,1.091,1.071,1.091,461977.00000000006,499899.0
2024-11-12,1.091,1.099,1.048,1.073,453745.0,489835.0
2024-11-13,1.077,1.087,1.069,1.081,473850.0,510426.0
2024-11-14,1.073,1.078,1.06,1.06,352660.0,377580.0
2024-11-15,1.055,1.064,1.045,1.045,237207.0,249799.0
2024-11-18,1.045,1.065,1.038,1.046,484852.00000000006,509744.0
2024-11-19,1.045,1.05,1.028,1.047,286864.0,297235.0
2024-11-20,1.04,1.051,1.034,1.049,204011.0,213585.0
2024-11-21,1.039,1.051,1.039,1.048,70914.0,74155.0
2024-11-22,1.04,1.058,1.02,1.02,341405.0,352976.0
2024-11-25,1.02,1.028,1.008,1.013,1359212.0,1381223.0
2024-11-26,1.014,1.014,1.004,1.011,527499.0,531562.0
2024-11-27,1.001,1.021,1.0,1.017,942548.0,956245.0
2024-11-28,1.018,1.023,1.014,1.015,666670.0,679011.0
2024-11-29,1.015,1.033,1.015,1.026,764208.0,783975.0
2024-12-02,1.029,1.036,1.025,1.035,220129.0,227030.0
2024-12-03,1.035,1.035,1.026,1.032,350728.0,361695.0
2024-12-04,1.032,1.036,1.024,1.028,186823.0,192490.0
2024-12-05,1.026,1.03,1.022,1.03,220970.0,226950.0
2024-12-06,1.03,1.04,1.024,1.037,507172.0,525003.0
2024-12-09,1.027,1.04,1.027,1.034,181878.0,188221.0
2024-12-10,1.047,1.059,1.033,1.04,505334.0,529225.0
2024-12-11,1.04,1.045,1.032,1.041,144349.0,150070.0
2024-12-12,1.03,1.048,1.03,1.046,405350.0,422071.0
2024-12-13,1.037,1.037,1.027,1.027,125004.0,128882.0
2024-12-16,1.022,1.027,1.016,1.02,185076.0,188806.0
2024-12-17,1.017,1.025,1.016,1.022,172206.0,175502.0
2024-12-18,1.022,1.031,1.022,1.029,160981.0,165635.0
2024-12-19,1.028,1.029,1.011,1.029,231368.0,236257.0
2024-12-20,1.019,1.029,1.019,1.023,186290.0,190543.0
2024-12-23,1.02,1.038,1.02,1.028,168247.0,172242.0
2024-12-24,1.022,1.033,1.02,1.032,298251.0,305856.0
2024-12-25,1.03,1.035,1.025,1.03,202772.0,208853.0
2024-12-26,1.03,1.034,1.024,1.03,219908.0,226139.0
2024-12-27,1.03,1.039,0.997,1.035,309442.0,319832.0
2024-12-30,1.035,1.04,1.033,1.039,84776.0,87860.0
2024-12-31,1.034,1.037,1.022,1.026,106390.0,109730.0
2025-01-02,1.017,1.018,0.99,0.994,332552.0,333422.0
2025-01-03,0.995,0.996,0.98,0.981,228305.0,225623.0
2025-01-06,0.98,0.985,0.972,0.978,202246.0,197756.0
2025-01-07,0.976,0.987,0.976,0.987,67183.0,65892.0
2025-01-08,0.986,0.986,0.968,0.984,356245.0,348238.0
2025-01-09,0.983,0.983,0.975,0.979,156375.0,153274.0
2025-01-10,0.979,0.997,0.966,0.97,193691.0,189740.0
2025-01-13,0.962,0.969,0.961,0.964,181622.0,174858.0
2025-01-14,0.966,0.989,0.966,0.988,117557.0,115796.0
2025-01-15,0.981,0.985,0.979,0.98,67140.0,65922.0
2025-01-16,0.983,0.994,0.98,0.985,149971.0,148136.0
2025-01-17,0.985,0.99,0.982,0.989,55415.0,54696.0
2025-01-20,0.989,0.99,0.977,0.988,120759.0,119285.0
2025-01-21,0.986,0.991,0.984,0.99,49351.0,48734.0
2025-01-22,0.979,0.983,0.976,0.979,41622.0,40701.0
2025-01-23,0.979,0.994,0.979,0.979,68421.0,67611.0
2025-01-24,0.979,0.992,0.979,0.986,173063.0,170374.0
2025-01-27,0.98,0.994,0.98,0.993,139469.0,138021.0
2025-02-05,0.993,1.003,0.974,0.984,266304.0,261801.0
2025-02-06,0.978,0.994,0.978,0.993,834528.0000000001,827138.0
2025-02-07,0.989,1.015,0.989,1.002,277235.0,278306.0
2025-02-10,1.013,1.013,1.004,1.009,552816.0,557669.0
2025-02-11,1.009,1.01,1.003,1.005,166724.0,167658.0
2025-02-12,1.005,1.013,0.999,1.012,661657.0,665379.0
2025-02-13,1.004,1.017,1.004,1.014,352930.0,357230.0
2025-02-14,0.998,1.018,0.998,1.01,284061.0,287707.0
2025-02-17,1.007,1.021,1.007,1.02,286029.0,290916.0
2025-02-18,1.015,1.024,1.007,1.007,213751.0,217080.0
2025-02-19,1.0,1.015,1.0,1.015,121718.0,123102.0
2025-02-20,1.007,1.014,1.006,1.011,171862.0,173595.0
2025-02-21,1.011,1.022,1.009,1.022,374728.0,380946.0
2025-02-24,1.022,1.023,1.016,1.019,289660.0,295390.0
2025-02-25,1.008,1.017,1.008,1.008,205949.0,208151.0
2025-02-26,1.008,1.016,1.008,1.016,278403.0,282109.0
2025-02-27,1.015,1.019,1.008,1.014,84176.0,85289.0
2025-02-28,1.014,1.014,0.999,1.002,149859.0,150747.0
2025-03-03,1.0,1.006,0.994,1.0,128150.0,128107.0
2025-03-04,0.995,1.0,0.993,1.0,56763.0,56489.0
2025-03-05,1.0,1.005,0.998,1.005,210676.0,210776.0
2025-03-06,1.005,1.016,1.005,1.015,275421.0,278744.0
2025-03-07,1.009,1.019,1.009,1.015,177338.0,180063.0
2025-03-10,1.015,1.015,1.002,1.01,116766.0,117606.0
2025-03-11,0.998,1.01,0.998,1.01,227816.0,229179.0
2025-03-12,1.009,1.014,1.005,1.011,120735.0,122089.0
2025-03-13,1.01,1.013,0.996,1.009,108926.0,109738.0
2025-03-14,1.011,1.027,1.011,1.027,495051.0,505819.0
2025-03-17,1.026,1.028,1.019,1.026,171358.0,175474.0
2025-03-18,1.025,1.026,1.019,1.026,179040.0,183219.0
2025-03-19,1.016,1.024,1.016,1.021,120439.0,123012.0
2025-03-20,1.02,1.024,1.015,1.018,106232.0,108312.0
2025-03-21,1.015,1.018,1.003,1.009,383066.0,385397.0
2025-03-24,1.005,1.012,1.002,1.009,121194.0,121721.0
2025-03-25,1.002,1.01,1.002,1.006,88625.0,89337.0
2025-03-26,1.006,1.006,1.003,1.004,100745.0,101304.0
2025-03-27,1.0,1.006,0.995,1.003,72044.0,72034.0
2025-03-28,1.0,1.004,0.996,1.003,96210.0,96148.0
2025-03-31,0.993,1.003,0.989,0.995,280077.0,278350.0
2025-04-01,0.989,0.999,0.989,0.996,106699.0,106005.0
2025-04-02,0.989,0.999,0.989,0.993,13289.0,13227.0
2025-04-03,0.991,0.995,0.989,0.994,101064.0,100175.0
2025-04-07,0.987,0.987,0.917,0.942,639142.0,599310.0
2025-04-08,0.942,0.951,0.928,0.951,423760.0,399260.0
2025-04-09,0.951,0.971,0.939,0.971,314285.0,299045.0
2025-04-10,0.971,0.98,0.971,0.976,332783.0,324346.0
2025-04-11,0.974,0.978,0.968,0.976,216932.0,210818.0
2025-04-14,0.976,0.997,0.975,0.983,169652.0,165897.0
2025-04-15,0.976,0.976,0.972,0.975,123639.0,120336.0
2025-04-16,0.969,0.983,0.968,0.983,53443.0,51817.0
2025-04-17,0.978,0.979,0.976,0.979,16931.0,16554.0
2025-04-18,0.97,0.98,0.97,0.979,72608.0,70765.0
2025-04-21,0.977,0.982,0.977,0.982,52032.0,50921.0
2025-04-22,0.976,0.983,0.976,0.979,40299.0,39459.0
2025-04-23,0.982,0.982,0.974,0.975,81234.0,79252.0
2025-04-24,0.974,0.977,0.97,0.977,436122.0,424145.0
2025-04-25,0.971,0.977,0.969,0.977,150148.0,146272.0
2025-04-28,0.975,0.975,0.968,0.971,530088.0,514217.0
2025-04-29,0.968,0.971,0.964,0.969,54433.0,52604.0
2025-04-30,0.964,0.966,0.964,0.966,28578.0,27588.0
2025-05-06,0.968,0.978,0.968,0.974,29017.0,28204.0
2025-05-07,0.974,1.004,0.974,0.985,81879.0,80443.0
2025-05-08,0.975,0.988,0.975,0.988,165766.0,163218.0
2025-05-09,0.984,0.985,0.98,0.985,54132.0,53139.0
2025-05-12,0.98,0.994,0.98,0.994,868237.0000000001,856631.0
2025-05-13,0.994,0.996,0.987,0.994,61236.0,60668.0
2025-05-14,0.988,1.002,0.988,1.0,210830.0,209517.0
2025-05-15,1.016,1.016,0.976,0.996,169891.0,168640.0
2025-05-16,0.995,0.995,0.983,0.99,173348.0,171306.0
2025-05-19,0.982,0.99,0.982,0.99,35742.0,35189.0
2025-05-20,0.988,0.99,0.987,0.989,29424.0,29096.0
2025-05-21,0.991,0.997,0.99,0.997,173598.0,172470.0
2025-05-22,0.987,0.992,0.987,0.99,182561.0,180577.0
2025-05-23,0.986,0.991,0.982,0.988,152874.0,151278.0
2025-05-26,0.982,0.985,0.98,0.985,8170.0,8008.0
2025-05-27,0.975,0.984,0.975,0.981,206497.0,201649.0
2025-05-28,0.977,0.981,0.976,0.979,30014.0,29320.0
2025-05-29,0.974,0.987,0.974,0.987,85211.0,83554.0
2025-05-30,0.977,0.982,0.977,0.982,33678.0,32907.0
2025-06-03,0.981,0.985,0.978,0.981,100202.0,98235.0
2025-06-04,0.978,0.985,0.978,0.985,166809.0,163972.0
2025-06-05,0.981,0.988,0.981,0.987,86617.0,85314.0
2025-06-06,0.985,0.99,0.985,0.99,234722.0,231730.0
2025-06-09,0.99,0.995,0.989,0.995,125398.0,124379.0
2025-06-10,0.999,0.999,0.988,0.992,99973.0,99246.0
2025-06-11,0.992,0.996,0.99,0.995,279508.0,277604.0
2025-06-12,0.99,0.997,0.989,0.995,235027.0,233378.0
2025-06-13,0.985,0.997,0.985,0.991,123004.0,121600.0
2025-06-16,0.987,0.991,0.985,0.99,68306.0,67554.0
2025-06-17,0.985,0.994,0.985,0.992,76002.0,75338.0
2025-06-18,0.992,0.993,0.987,0.993,96419.0,95556.0
2025-06-19,0.993,0.993,0.981,0.983,44235.0,43535.0
2025-06-20,0.993,0.993,0.981,0.984,48282.0,47419.0
2025-06-23,0.978,0.99,0.978,0.99,41678.0,40960.0
2025-06-24,0.986,0.996,0.986,0.996,381099.0,378012.0
2025-06-25,0.994,1.01,0.994,1.01,494897.0,497104.0
2025-06-26,1.008,1.012,1.005,1.011,310760.0,313608.0
2025-06-27,1.011,1.013,1.003,1.003,148042.0,149329.0
2025-06-30,1.003,1.01,1.003,1.01,277955.0,279727.0
2025-07-01,1.006,1.012,1.006,1.011,158188.0,159499.0
2025-07-02,1.006,1.014,1.004,1.011,164791.0,166222.0
2025-07-03,1.004,1.014,1.004,1.014,250506.0,253488.0
2025-07-04,1.012,1.023,1.012,1.02,585180.0,595280.0
2025-07-07,1.006,1.017,1.006,1.015,304065.0,308286.0
2025-07-08,1.009,1.022,1.009,1.02,387899.0,395063.0
2025-07-09,1.02,1.023,1.015,1.02,167937.0,171305.0
2025-07-10,1.015,1.026,1.015,1.025,291441.0,298072.0
2025-07-11,1.021,1.035,1.021,1.028,998568.0,1028409.0000000001
2025-07-14,1.026,1.031,1.023,1.031,448596.0,460553.0
2025-07-15,1.033,1.033,1.021,1.027,530358.0,543253.0
2025-07-16,1.02,1.029,1.02,1.023,752268.0,767721.0
2025-07-17,1.019,1.029,1.018,1.029,545709.0,557547.0
2025-07-18,1.029,1.037,1.025,1.037,272633.0,282063.0
2025-07-21,1.037,1.05,1.037,1.046,508405.0,531262.0
2025-07-22,1.046,1.062,1.046,1.062,772295.0,814631.0
2025-07-23,1.062,1.068,1.057,1.062,303575.0,322950.0
2025-07-24,1.062,1.069,1.058,1.069,155081.0,165485.0
2025-07-25,1.069,1.069,1.06,1.062,272192.0,289446.0
2025-07-28,1.062,1.069,1.059,1.069,253046.0,269210.0
2025-07-29,1.067,1.069,1.06,1.069,298814.0,318242.0
2025-07-30,1.067,1.076,1.064,1.069,160535.0,172314.0
2025-07-31,1.064,1.064,1.045,1.051,174737.0,183979.0
2025-08-01,1.046,1.047,1.041,1.045,248411.0,259716.0
2025-08-04,1.041,1.048,1.04,1.048,87490.0,91461.0
2025-08-05,1.049,1.054,1.048,1.054,181945.0,191211.0
2025-08-06,1.054,1.061,1.051,1.056,432450.0,455981.0
2025-08-07,1.055,1.06,1.051,1.06,324300.0,343274.0
2025-08-08,1.057,1.063,1.056,1.058,57347.0,60634.0
2025-08-11,1.058,1.061,1.053,1.059,354374.0,374305.0
2025-08-12,1.053,1.063,1.053,1.062,373979.0,396536.0
2025-08-13,1.06,1.068,1.059,1.065,419488.0,446657.0
2025-08-14,1.065,1.072,1.063,1.063,1075652.0,1149594.0
2025-08-15,1.057,1.073,1.057,1.072,502087.0,535885.0
2025-08-18,1.069,1.085,1.069,1.079,920566.0,993710.0
2025-08-19,1.08,1.084,1.071,1.074,413414.00000000006,444718.0
2025-08-20,1.068,1.083,1.068,1.08,888420.0000000001,956346.0
2025-08-21,1.08,1.098,1.08,1.089,753120.0,821202.0
2025-08-22,1.086,1.109,1.086,1.099,1590602.0,1748405.0
2025-08-25,1.1,1.13,1.1,1.129,1151497.0,1294476.0
2025-08-26,1.129,1.129,1.12,1.122,693261.0,781259.0
2025-08-27,1.122,1.13,1.1,1.102,902395.9999999999,1011826.0
2025-08-28,1.106,1.123,1.1,1.123,691452.0,769410.0
2025-08-29,1.123,1.13,1.122,1.125,514507.0,578631.0
2025-09-01,1.123,1.13,1.121,1.129,424463.0,478210.0
2025-09-02,1.126,1.13,1.114,1.117,470950.0,526505.0
2025-09-03,1.119,1.12,1.098,1.103,472485.99999999994,522698.0
2025-09-04,1.102,1.102,1.072,1.077,265171.0,286698.0
2025-09-05,1.081,1.1,1.081,1.1,217134.0,237009.0
2025-09-08,1.095,1.104,1.094,1.104,358384.0,394189.0
2025-09-09,1.102,1.109,1.095,1.1,389036.0,426907.0
2025-09-10,1.097,1.106,1.092,1.102,190053.0,208983.0
2025-09-11,1.097,1.119,1.097,1.119,346630.0,385468.0
2025-09-12,1.12,1.122,1.113,1.12,278014.0,311200.0
2025-09-15,1.114,1.118,1.112,1.117,118756.0,132406.0
2025-09-16,1.114,1.117,1.103,1.109,244186.0,271146.0
2025-09-17,1.108,1.115,1.106,1.113,317595.0,353141.0
2025-09-18,1.113,1.123,1.102,1.107,602731.0,673831.0
2025-09-19,1.104,1.113,1.104,1.112,252984.0,280211.0
2025-09-22,1.105,1.115,1.104,1.115,168447.0,187197.0
2025-09-23,1.112,1.113,1.098,1.112,273663.0,302344.0
2025-09-24,1.11,1.122,1.108,1.12,1014048.0,1134712.0
2025-09-25,1.123,1.13,1.116,1.129,932835.0,1050257.0
2025-09-26,1.127,1.132,1.122,1.129,841325.0,947898.0
2025-09-29,1.123,1.143,1.113,1.14,1570295.0,1765845.0
2025-09-30,1.139,1.148,1.135,1.145,331584.0,378773.0
2025-10-09,1.142,1.17,1.142,1.17,955140.0,1111886.0
2025-10-10,1.168,1.168,1.151,1.157,718588.0,833282.0
2025-10-13,1.156,1.159,1.134,1.154,545030.0,623744.0
2025-10-14,1.154,1.164,1.14,1.145,104550.0,120768.0
2025-10-15,1.115,1.153,1.115,1.153,679316.0,779120.0
2025-10-16,1.153,1.155,1.147,1.15,207397.0,239022.0
2025-10-17,1.147,1.15,1.126,1.127,227166.0,258228.0
2025-10-20,1.127,1.13,1.12,1.128,172375.0,194245.0
2025-10-21,1.126,1.137,1.126,1.137,235510.0,267277.0
2025-10-22,1.137,1.137,1.115,1.131,177732.0,200680.0
2025-10-23,1.13,1.134,1.12,1.134,185838.0,208856.0
2025-10-24,1.135,1.142,1.135,1.14,284151.0,323870.0
2025-10-27,1.145,1.159,1.145,1.155,346796.0,399280.0
2025-10-28,1.152,1.157,1.146,1.149,379814.0,436632.0
2025-10-29,1.149,1.157,1.143,1.157,1262252.0,1450697.0
2025-10-30,1.152,1.165,1.152,1.155,783646.0,910706.0
2025-10-31,1.148,1.15,1.139,1.141,141076.0,161291.0
2025-11-03,1.135,1.141,1.127,1.14,374252.0,424907.0
2025-11-04,1.139,1.146,1.133,1.141,211412.0,241459.0
2025-11-05,1.131,1.14,1.124,1.14,113983.0,129016.0
2025-11-06,1.14,1.152,1.14,1.152,255914.0,294388.0
2025-11-07,1.151,1.153,1.147,1.151,305550.0,351121.0
2025-11-10,1.152,1.159,1.147,1.159,380524.0,439313.0
2025-11-11,1.161,1.161,1.148,1.155,343699.0,395480.0
2025-11-12,1.147,1.151,1.136,1.149,99981.0,114681.0
2025-11-13,1.144,1.153,1.144,1.152,179123.0,205666.0
2025-11-14,1.142,1.148,1.118,1.142,37501.0,42827.0
2025-11-17,1.144,1.144,1.128,1.132,93409.0,105555.0
