,OPEN,HIGH,LOW,CLOSE,VOLUME,AMT
2022-10-26,0.993,1.001,0.974,0.998,326918100.0,323770416.0
2022-10-27,1.001,1.007,0.979,0.981,257700100.0,257531431.0
2022-10-28,0.973,0.983,0.949,0.954,41786600.0,40266478.0
2022-10-31,0.954,0.991,0.942,0.982,48075800.0,47075358.0
2022-11-01,0.982,1.002,0.975,0.995,47273300.0,47048288.0
2022-11-02,0.99,1.016,0.99,1.007,103140400.0,103758265.0
2022-11-03,1.002,1.027,0.998,1.025,48747900.0,49742609.0
2022-11-04,1.024,1.052,1.023,1.052,47686200.0,49700985.0
2022-11-07,1.051,1.06,1.038,1.044,30731100.0,32165593.0
2022-11-08,1.039,1.054,1.029,1.036,26844400.0,27875773.0
2022-11-09,1.036,1.048,1.03,1.035,44720500.0,46436113.0
2022-11-10,1.035,1.035,1.004,1.005,33955600.0,34435196.0
2022-11-11,1.023,1.039,1.011,1.013,19800700.0,20183275.0
2022-11-14,1.011,1.023,0.999,1.008,19542600.0,19700906.0
2022-11-15,1.006,1.041,0.999,1.041,26295700.0,26965394.0
2022-11-16,1.037,1.039,1.017,1.022,11983000.0,12283984.0
2022-11-17,1.015,1.015,0.994,1.014,17955400.0,18017315.0
2022-11-18,1.014,1.023,1.002,1.005,25408900.0,25673447.0
2022-11-21,1.007,1.018,0.997,1.017,18564200.0,18733380.0
2022-11-22,1.013,1.015,1.0,1.003,21021700.0,21127983.0
2022-11-23,1.003,1.007,0.977,1.003,27309600.0,27065771.0
2022-11-24,1.005,1.017,1.001,1.008,21014400.0,21208521.0
2022-11-25,1.01,1.01,0.985,0.986,19253800.0,19104288.0
2022-11-28,0.978,0.98,0.96,0.976,22388200.0,21809674.0
2022-11-29,0.98,0.984,0.968,0.98,19238700.0,18845783.0
2022-11-30,0.98,0.99,0.977,0.979,23379300.0,22997286.0
2022-12-01,0.988,1.011,0.988,1.001,26276200.0,26379135.0
2022-12-02,1.0,1.018,1.0,1.004,20561300.0,20696285.0
2022-12-05,1.02,1.02,0.995,1.0,20879100.0,20839520.0
2022-12-06,0.994,1.016,0.99,1.009,18762800.0,18911641.0
2022-12-07,1.005,1.025,1.001,1.015,16023100.0,16310127.0
2022-12-08,1.01,1.018,1.003,1.005,14718400.0,14864655.0
2022-12-09,1.001,1.008,0.994,0.995,19750000.0,19695811.0
2022-12-12,0.994,1.002,0.981,0.995,15984000.0,15886885.0
2022-12-13,0.996,0.998,0.975,0.976,14724900.0,14441644.0
2022-12-14,0.981,0.987,0.969,0.97,13323400.0,12989303.0
2022-12-15,0.971,0.978,0.963,0.977,15489800.0,15064694.0
2022-12-16,0.953,0.98,0.948,0.951,16756200.0,15978871.0
2022-12-19,0.949,0.962,0.94,0.943,13304500.0,12575199.0
2022-12-20,0.935,0.943,0.931,0.935,9798900.0,9158097.0
2022-12-21,0.933,0.933,0.915,0.917,11779300.0,10848032.0
2022-12-22,0.923,0.923,0.891,0.893,13992100.0,12632158.0
2022-12-23,0.892,0.892,0.874,0.88,12915000.0,11368837.0
2022-12-26,0.885,0.917,0.885,0.917,16931200.0,15313205.0
2022-12-27,0.92,0.93,0.913,0.929,17936900.0,16553679.0
2022-12-28,0.929,0.929,0.916,0.919,10661200.0,9802652.0
2022-12-29,0.917,0.929,0.917,0.921,15377100.0,14206461.0
2022-12-30,0.921,0.929,0.911,0.911,22479600.0,20585202.0
2023-01-03,0.91,0.938,0.906,0.936,10810500.0,9928358.0
2023-01-04,0.936,0.937,0.921,0.927,21435900.0,19834886.0
2023-01-05,0.927,0.946,0.926,0.944,16207100.0,15231414.0
2023-01-06,0.943,0.969,0.943,0.958,21159800.0,20323721.0
2023-01-09,0.961,0.969,0.954,0.957,13266400.0,12720159.0
2023-01-10,0.957,0.959,0.95,0.955,21433100.0,20434528.0
2023-01-11,0.96,0.96,0.938,0.941,18784600.0,17801426.0
2023-01-12,0.946,0.957,0.945,0.947,10438900.0,9903179.0
2023-01-13,0.95,0.95,0.932,0.939,12319400.0,11564515.0
2023-01-16,0.938,0.964,0.937,0.958,16673300.0,15950654.0
2023-01-17,0.963,0.98,0.96,0.966,8356100.0,8082942.0
2023-01-18,0.972,0.974,0.965,0.97,4780100.0,4632313.0
2023-01-19,0.961,0.98,0.96,0.979,10846000.0,10572019.0
2023-01-20,0.983,0.987,0.978,0.982,7835400.0,7696270.0
2023-01-30,0.982,1.007,0.982,0.996,18036500.0,18074778.0
2023-01-31,0.991,0.999,0.989,0.997,15173300.0,15116715.0
2023-02-01,1.005,1.014,1.001,1.013,23502700.0,23741428.0
2023-02-02,1.013,1.024,1.012,1.016,17601800.0,17900167.0
2023-02-03,1.015,1.015,0.995,1.008,24285300.0,24366293.0
2023-02-06,0.99,1.008,0.99,0.998,21294400.0,21303976.0
2023-02-07,0.998,1.003,0.991,0.998,19363100.0,19275433.0
2023-02-08,1.003,1.005,0.994,0.995,10034600.0,10032646.0
2023-02-09,0.996,1.015,0.993,1.015,17068500.0,17230072.0
2023-02-10,1.007,1.012,0.998,1.007,11142700.0,11206011.0
2023-02-13,1.007,1.013,1.006,1.008,23565600.0,23757922.0
2023-02-14,1.014,1.014,1.002,1.008,12871300.0,12945139.0
2023-02-15,1.009,1.01,0.999,1.004,26943400.0,27034069.0
2023-02-16,1.0,1.003,0.972,0.977,24939500.0,24765314.0
2023-02-17,0.977,0.978,0.965,0.965,27714200.0,26876108.0
2023-02-20,0.965,0.967,0.95,0.967,20570500.0,19665549.0
2023-02-21,0.966,0.973,0.961,0.966,11436300.0,11042266.0
2023-02-22,0.964,0.966,0.96,0.963,10046300.0,9674000.0
2023-02-23,0.966,0.97,0.961,0.967,11407700.0,11011441.0
2023-02-24,0.967,0.968,0.958,0.959,20479000.0,19667843.0
2023-02-27,0.939,0.964,0.939,0.952,16737400.0,15928448.0
2023-02-28,0.952,0.954,0.945,0.954,19172800.0,18200779.0
2023-03-01,0.954,0.958,0.95,0.958,11993800.0,11452065.0
2023-03-02,0.953,0.956,0.94,0.941,18865500.0,17782695.0
2023-03-03,0.942,0.947,0.938,0.941,19444800.0,18279508.0
2023-03-06,0.944,0.954,0.935,0.952,21627500.0,20452451.0
2023-03-07,0.952,0.952,0.934,0.936,14991800.0,14128746.0
2023-03-08,0.936,0.937,0.928,0.935,9092400.0,8469946.0
2023-03-09,0.942,0.956,0.937,0.939,10162000.0,9582106.0
2023-03-10,0.944,0.944,0.923,0.934,12392800.0,11565729.0
2023-03-13,0.929,0.93,0.914,0.921,15029400.0,13806447.0
2023-03-14,0.927,0.928,0.91,0.927,17567300.0,16186886.0
2023-03-15,0.938,0.944,0.924,0.927,10130500.0,9447982.0
2023-03-16,0.923,0.928,0.908,0.91,9222800.0,8456865.0
2023-03-17,0.915,0.916,0.904,0.907,11489900.0,10440670.0
2023-03-20,0.907,0.913,0.895,0.909,20371500.0,18435735.0
2023-03-21,0.91,0.921,0.906,0.921,13729000.0,12546708.0
2023-03-22,0.918,0.929,0.918,0.921,22928200.0,21184336.0
2023-03-23,0.921,0.921,0.914,0.92,10500900.0,9623550.0
2023-03-24,0.92,0.923,0.914,0.916,6928300.0,6359430.0
2023-03-27,0.916,0.924,0.91,0.914,17317800.0,15856556.0
2023-03-28,0.914,0.914,0.894,0.895,13859300.0,12496491.0
2023-03-29,0.898,0.904,0.896,0.9,16171800.0,14539861.0
2023-03-30,0.9,0.91,0.898,0.91,15569400.0,14082585.0
2023-03-31,0.914,0.921,0.909,0.913,7420600.0,6788369.0
2023-04-03,0.909,0.922,0.903,0.922,14265700.0,13066544.0
2023-04-04,0.922,0.925,0.904,0.91,16068000.0,14667715.0
2023-04-06,0.91,0.927,0.901,0.926,15511100.0,14199048.0
2023-04-07,0.926,0.937,0.925,0.932,10221900.0,9518737.0
2023-04-10,0.937,0.939,0.926,0.929,7636100.0,7104317.0
2023-04-11,0.924,0.932,0.917,0.922,15232600.0,14059365.0
2023-04-12,0.922,0.925,0.918,0.921,9310700.0,8575732.0
2023-04-13,0.919,0.919,0.907,0.908,12136700.0,11040139.0
2023-04-14,0.907,0.935,0.907,0.934,18508700.0,17049630.0
2023-04-17,0.934,0.949,0.93,0.939,10963400.0,10332655.0
2023-04-18,0.939,0.94,0.925,0.926,16020100.0,14895774.0
2023-04-19,0.925,0.935,0.915,0.92,17112700.0,15763111.0
2023-04-20,0.919,0.919,0.9,0.91,8087000.0,7320968.0
2023-04-21,0.91,0.913,0.888,0.889,13748500.0,12394482.0
2023-04-24,0.889,0.889,0.859,0.865,24255400.0,21046207.0
2023-04-25,0.866,0.866,0.828,0.834,16922600.0,14280190.0
2023-04-26,0.84,0.853,0.828,0.846,16218100.0,13744595.0
2023-04-27,0.843,0.855,0.843,0.849,17830100.0,15148168.0
2023-04-28,0.848,0.866,0.848,0.857,30825500.0,26427484.0
2023-05-04,0.856,0.856,0.844,0.848,13717300.0,11684093.0
2023-05-05,0.848,0.848,0.831,0.833,20939300.0,17509086.0
2023-05-08,0.825,0.859,0.825,0.832,20442900.0,16975933.0
2023-05-09,0.828,0.833,0.811,0.812,14832700.0,12167862.0
2023-05-10,0.811,0.821,0.805,0.814,11844100.0,9583683.0
2023-05-11,0.814,0.826,0.814,0.817,11165900.0,9146455.0
2023-05-12,0.821,0.821,0.802,0.803,16427900.0,13316901.0
2023-05-15,0.802,0.817,0.802,0.817,10207700.0,8291751.0
2023-05-16,0.815,0.819,0.812,0.815,10911300.0,8903119.0
2023-05-17,0.817,0.822,0.813,0.822,8725300.0,7140571.0
2023-05-18,0.824,0.824,0.81,0.816,11628500.0,9476165.0
2023-05-19,0.814,0.825,0.813,0.824,14439500.0,11838430.0
2023-05-22,0.817,0.831,0.817,0.828,9604600.0,7935643.0
2023-05-23,0.828,0.836,0.818,0.818,18776500.0,15464188.0
2023-05-24,0.813,0.83,0.813,0.823,19184700.0,15805001.0
2023-05-25,0.819,0.828,0.818,0.825,20324100.0,16714629.0
2023-05-26,0.822,0.822,0.816,0.819,18470000.0,15138132.0
2023-05-29,0.823,0.825,0.815,0.818,19912600.0,16273830.0
2023-05-30,0.813,0.815,0.8,0.809,15205200.0,12300783.0
2023-05-31,0.808,0.812,0.804,0.808,21610500.0,17463950.0
2023-06-01,0.807,0.819,0.803,0.812,12765700.0,10390736.0
2023-06-02,0.818,0.828,0.813,0.825,14828000.0,12163960.0
2023-06-05,0.825,0.827,0.816,0.816,10012500.0,8189045.0
2023-06-06,0.816,0.816,0.801,0.805,14694400.0,11871792.0
2023-06-07,0.801,0.813,0.794,0.796,13321700.0,10622650.0
2023-06-08,0.802,0.802,0.786,0.787,11142200.0,8825803.0
2023-06-09,0.786,0.795,0.786,0.795,14242000.0,11254882.0
2023-06-12,0.792,0.799,0.788,0.796,10776900.0,8544139.0
2023-06-13,0.797,0.8,0.791,0.796,8806800.0,7005899.0
2023-06-14,0.794,0.797,0.791,0.792,9347500.0,7410332.0
2023-06-15,0.793,0.807,0.789,0.805,7067300.0,5634862.0
2023-06-16,0.808,0.81,0.803,0.808,14114000.0,11403296.0
2023-06-19,0.81,0.81,0.802,0.803,9669200.0,7772382.0
2023-06-20,0.811,0.811,0.796,0.801,16001800.0,12831814.0
2023-06-21,0.797,0.8,0.782,0.783,14933000.0,11758247.0
2023-06-26,0.779,0.796,0.776,0.785,20312800.0,15971448.0
2023-06-27,0.788,0.798,0.784,0.79,14558100.0,11499383.0
2023-06-28,0.788,0.79,0.777,0.79,11251800.0,8846026.0
2023-06-29,0.79,0.801,0.79,0.797,9282100.0,7407817.0
2023-06-30,0.798,0.822,0.798,0.819,22638500.0,18525157.0
2023-07-03,0.831,0.838,0.819,0.823,10491100.0,8640467.0
2023-07-04,0.819,0.826,0.819,0.826,14513900.0,11950866.0
2023-07-05,0.82,0.829,0.817,0.82,10316900.0,8494928.0
2023-07-06,0.814,0.82,0.812,0.814,9531800.0,7758004.0
2023-07-07,0.811,0.812,0.803,0.803,19499600.0,15727205.0
2023-07-10,0.804,0.816,0.804,0.808,10674000.0,8654143.0
2023-07-11,0.806,0.815,0.804,0.813,15942100.0,12886743.0
2023-07-12,0.814,0.816,0.807,0.808,23815600.0,19338398.0
2023-07-13,0.813,0.814,0.809,0.811,10949200.0,8883334.0
2023-07-14,0.812,0.812,0.801,0.803,10009300.0,8056836.0
2023-07-17,0.802,0.803,0.795,0.797,10080900.0,8037262.0
2023-07-18,0.798,0.805,0.798,0.799,13433900.0,10760469.0
2023-07-19,0.798,0.8,0.787,0.789,15876900.0,12555340.0
2023-07-20,0.788,0.795,0.781,0.783,10145500.0,7992868.0
2023-07-21,0.784,0.788,0.779,0.781,13853800.0,10829214.0
2023-07-24,0.78,0.783,0.774,0.776,11375200.0,8865964.0
2023-07-25,0.778,0.789,0.778,0.789,14685000.0,11548865.0
2023-07-26,0.787,0.789,0.784,0.787,8858400.0,6968196.0
2023-07-27,0.788,0.789,0.773,0.775,11294500.0,8828369.0
2023-07-28,0.772,0.783,0.769,0.782,11499500.0,8922470.0
2023-07-31,0.784,0.793,0.784,0.787,11231500.0,8871469.0
2023-08-01,0.788,0.794,0.782,0.792,24173800.0,19072435.0
2023-08-02,0.817,0.828,0.791,0.794,29671500.0,23641903.0
2023-08-03,0.789,0.789,0.773,0.787,21468900.0,16848382.0
2023-08-04,0.788,0.789,0.779,0.785,16296998.000000002,12749823.0
2023-08-07,0.787,0.787,0.776,0.78,12289000.0,9581704.0
2023-08-08,0.78,0.78,0.771,0.775,15272600.0,11831844.0
2023-08-09,0.772,0.775,0.77,0.771,7991200.0,6169543.0
2023-08-10,0.773,0.777,0.77,0.774,13037400.0,10082324.0
2023-08-11,0.775,0.775,0.757,0.757,16518100.0,12613054.0
2023-08-14,0.755,0.755,0.738,0.747,16903200.0,12586958.0
2023-08-15,0.748,0.755,0.732,0.737,11963700.0,8850689.0
2023-08-16,0.736,0.743,0.73,0.731,10475100.0,7728448.0
2023-08-17,0.731,0.738,0.725,0.736,16597800.0,12115556.0
2023-08-18,0.738,0.749,0.734,0.734,21636300.0,16041397.0
2023-08-21,0.733,0.733,0.718,0.719,24802200.0,18005431.0
2023-08-22,0.719,0.726,0.7,0.716,30965500.0,22065258.0
2023-08-23,0.711,0.712,0.701,0.702,24931400.0,17624615.0
2023-08-24,0.705,0.709,0.697,0.7,21644000.0,15182468.0
2023-08-25,0.699,0.699,0.683,0.687,27800500.0,19246591.0
2023-08-28,0.709,0.724,0.682,0.684,15792700.0,11055875.0
2023-08-29,0.685,0.71,0.684,0.707,22486600.0,15710940.0
2023-08-30,0.709,0.729,0.708,0.721,30400500.0,21976887.0
2023-08-31,0.722,0.725,0.715,0.721,26442100.0,19020585.0
2023-09-01,0.725,0.725,0.713,0.717,16716900.0,11975912.0
2023-09-04,0.72,0.727,0.714,0.727,19214600.0,13826200.0
2023-09-05,0.727,0.733,0.723,0.725,22234000.0,16152324.0
2023-09-06,0.725,0.735,0.718,0.733,26200300.0,19034031.0
2023-09-07,0.733,0.733,0.712,0.712,19148100.0,13786897.0
2023-09-08,0.711,0.721,0.711,0.717,13260000.0,9522224.0
2023-09-11,0.705,0.73,0.705,0.727,22326300.0,16114871.0
2023-09-12,0.724,0.728,0.72,0.726,18167900.0,13153632.0
2023-09-13,0.722,0.726,0.713,0.718,19786600.0,14202547.0
2023-09-14,0.716,0.718,0.704,0.709,17589500.0,12461302.0
2023-09-15,0.709,0.715,0.7,0.708,31090700.0,21965043.0
2023-09-18,0.708,0.718,0.702,0.709,17989900.0,12771924.0
2023-09-19,0.705,0.708,0.699,0.702,18887200.0,13275439.0
2023-09-20,0.698,0.703,0.69,0.691,17533800.0,12192318.0
2023-09-21,0.693,0.693,0.684,0.685,28135800.0,19343298.0
2023-09-22,0.684,0.696,0.682,0.696,28705800.0,19755875.0
2023-09-25,0.697,0.697,0.687,0.691,21384700.0,14746561.0
2023-09-26,0.69,0.69,0.681,0.682,13851100.0,9483069.0
2023-09-27,0.682,0.698,0.682,0.689,19694300.0,13586482.0
2023-09-28,0.692,0.696,0.688,0.695,21359300.0,14801585.0
2023-10-09,0.694,0.694,0.682,0.685,23503500.0,16136528.0
2023-10-10,0.686,0.692,0.679,0.679,19773200.0,13537817.0
2023-10-11,0.682,0.689,0.682,0.687,19767600.0,13557032.0
2023-10-12,0.689,0.703,0.686,0.701,23887200.0,16531998.0
2023-10-13,0.698,0.698,0.689,0.693,15456800.0,10684833.0
2023-10-16,0.693,0.693,0.677,0.681,17217900.0,11743942.0
2023-10-17,0.681,0.685,0.677,0.682,20154700.0,13733122.0
2023-10-18,0.678,0.678,0.668,0.67,26702600.0,17973858.0
2023-10-19,0.667,0.675,0.664,0.666,19734500.0,13219150.0
2023-10-20,0.658,0.668,0.658,0.662,18500000.0,12288863.0
2023-10-23,0.656,0.659,0.638,0.64,16091600.0,10430265.0
2023-10-24,0.641,0.657,0.64,0.657,21003200.0,13624454.0
2023-10-25,0.657,0.666,0.656,0.657,15538300.0,10259293.0
2023-10-26,0.65,0.657,0.644,0.657,13870200.0,8982721.0
2023-10-27,0.651,0.68,0.647,0.676,23791300.0,15805464.0
2023-10-30,0.674,0.693,0.674,0.689,26945100.0,18448953.0
2023-10-31,0.689,0.689,0.678,0.683,14985900.0,10226874.0
2023-11-01,0.682,0.687,0.68,0.682,18407100.0,12566362.0
2023-11-02,0.682,0.682,0.667,0.668,12906100.0,8688661.0
2023-11-03,0.666,0.701,0.666,0.679,15603500.0,10590162.0
2023-11-06,0.683,0.704,0.682,0.702,16379600.0,11379265.0
2023-11-07,0.698,0.704,0.696,0.7,15984400.0,11195297.0
2023-11-08,0.702,0.708,0.698,0.705,23736800.0,16658453.000000002
2023-11-09,0.704,0.71,0.702,0.706,23256000.0,16414958.999999998
2023-11-10,0.704,0.707,0.698,0.705,20419700.0,14386843.0
2023-11-13,0.707,0.711,0.703,0.711,19285700.0,13628487.0
2023-11-14,0.713,0.719,0.71,0.714,26633500.0,19049598.0
2023-11-15,0.722,0.724,0.714,0.717,21174400.0,15252468.0
2023-11-16,0.713,0.714,0.703,0.704,12861200.0,9107209.0
2023-11-17,0.701,0.716,0.688,0.712,20206700.0,14339639.0
2023-11-20,0.712,0.722,0.708,0.722,16823900.0,12043090.0
2023-11-21,0.722,0.722,0.712,0.713,12348300.0,8865579.0
2023-11-22,0.713,0.715,0.699,0.7,12199000.0,8612515.0
2023-11-23,0.696,0.708,0.696,0.706,20135400.0,14088840.0
2023-11-24,0.702,0.703,0.69,0.691,19402500.0,13486853.0
2023-11-27,0.685,0.697,0.685,0.695,25174700.0,17447861.0
2023-11-28,0.696,0.702,0.693,0.701,19215300.0,13389067.0
2023-11-29,0.7,0.703,0.697,0.698,16624800.0,11641160.0
2023-11-30,0.698,0.698,0.686,0.69,24605100.0,16983482.0
2023-12-01,0.69,0.69,0.682,0.685,17705300.0,12123617.0
2023-12-04,0.684,0.688,0.682,0.683,19170900.0,13124927.0
2023-12-05,0.682,0.682,0.669,0.67,12694800.0,8575585.0
2023-12-06,0.672,0.681,0.671,0.673,29148000.0,19741748.0
2023-12-07,0.673,0.673,0.664,0.668,18338900.0,12225873.0
2023-12-08,0.668,0.671,0.665,0.667,14927500.0,9963252.0
2023-12-11,0.661,0.671,0.659,0.671,23594700.0,15665026.0
2023-12-12,0.67,0.67,0.666,0.668,12030700.0,8027100.0
2023-12-13,0.663,0.667,0.657,0.658,12239900.0,8108560.0
2023-12-14,0.662,0.665,0.658,0.658,21501700.0,14197350.0
2023-12-15,0.66,0.664,0.653,0.655,15818200.0,10396848.0
2023-12-18,0.652,0.652,0.638,0.64,22046500.0,14180036.0
2023-12-19,0.638,0.646,0.638,0.642,21591500.0,13850980.0
2023-12-20,0.637,0.648,0.626,0.637,18637200.0,11928742.0
2023-12-21,0.643,0.646,0.63,0.642,25059800.0,15890625.0
2023-12-22,0.639,0.65,0.636,0.644,23741700.0,15286221.0
2023-12-25,0.647,0.653,0.643,0.647,14559300.0,9422382.0
2023-12-26,0.649,0.649,0.634,0.635,17037000.0,10864895.0
2023-12-27,0.637,0.639,0.629,0.635,16926200.0,10713018.0
2023-12-28,0.636,0.662,0.634,0.66,21975400.0,14323150.0
2023-12-29,0.661,0.667,0.652,0.667,18319400.0,12177511.0
2024-01-02,0.674,0.674,0.66,0.66,15127800.0,10023458.0
2024-01-03,0.655,0.666,0.649,0.653,11612100.0,7618275.0
2024-01-04,0.652,0.652,0.641,0.642,11896900.0,7668153.0
2024-01-05,0.642,0.649,0.624,0.628,18852700.0,11943122.0
2024-01-08,0.624,0.627,0.606,0.607,23991400.0,14722900.0
2024-01-09,0.607,0.616,0.6,0.606,27176200.0,16531937.000000002
2024-01-10,0.601,0.615,0.597,0.602,60115100.0,36503670.0
2024-01-11,0.603,0.619,0.602,0.615,36778800.0,22363806.0
2024-01-12,0.614,0.623,0.608,0.612,34776500.0,21461668.0
2024-01-15,0.61,0.612,0.599,0.601,31490300.0,18971523.0
2024-01-16,0.6,0.605,0.591,0.597,28249200.0,16919293.0
2024-01-17,0.594,0.595,0.577,0.578,28124700.0,16504690.999999998
2024-01-18,0.576,0.582,0.562,0.579,31619700.0,18035412.0
2024-01-19,0.573,0.587,0.572,0.573,31415900.0,18139098.0
2024-01-22,0.568,0.568,0.536,0.538,25320500.0,14090288.0
2024-01-23,0.538,0.548,0.53,0.543,26475700.0,14269509.0
2024-01-24,0.543,0.545,0.522,0.545,28482700.0,15162491.0
2024-01-25,0.538,0.562,0.538,0.56,30431500.0,16785026.0
2024-01-26,0.557,0.562,0.546,0.548,22623300.0,12525709.0
2024-01-29,0.552,0.556,0.531,0.531,37169700.0,20028662.0
2024-01-30,0.527,0.536,0.509,0.515,37569800.0,19660874.0
2024-01-31,0.515,0.515,0.489,0.49,27861800.0,13853753.0
2024-02-01,0.489,0.496,0.478,0.486,29344600.0,14289144.0
2024-02-02,0.488,0.489,0.448,0.47,31872500.0,14990071.0
2024-02-05,0.466,0.466,0.421,0.443,45607000.0,19835311.0
2024-02-06,0.44,0.477,0.422,0.472,25292500.0,11364934.0
2024-02-07,0.473,0.497,0.473,0.492,23259900.0,11399653.0
2024-02-08,0.495,0.521,0.489,0.519,21804200.0,11132229.0
2024-02-19,0.521,0.528,0.506,0.513,13991400.0,7193790.0
2024-02-20,0.508,0.513,0.498,0.511,14219700.0,7200757.0
2024-02-21,0.507,0.529,0.507,0.515,24094200.0,12444848.0
2024-02-22,0.517,0.52,0.512,0.519,17569500.0,9088356.0
2024-02-23,0.523,0.53,0.519,0.53,20139900.0,10547787.0
2024-02-26,0.527,0.54,0.523,0.531,23196400.0,12314265.0
2024-02-27,0.53,0.546,0.527,0.546,21565900.0,11516843.0
2024-02-28,0.549,0.558,0.517,0.517,25415300.0,13749943.0
2024-02-29,0.516,0.539,0.514,0.538,14918900.0,7892246.0
2024-03-01,0.539,0.546,0.537,0.546,20183800.0,10954912.0
2024-03-04,0.544,0.547,0.535,0.543,12877700.0,6988508.0
2024-03-05,0.542,0.543,0.531,0.534,15006000.0,8053457.0
2024-03-06,0.529,0.542,0.526,0.535,12190900.0,6492007.0
2024-03-07,0.535,0.54,0.526,0.527,14441700.0,7671786.0
2024-03-08,0.53,0.534,0.524,0.531,11753600.0,6216540.0
2024-03-11,0.532,0.55,0.532,0.55,11111900.0,6032140.0
2024-03-12,0.55,0.558,0.548,0.554,18088700.0,9994367.0
2024-03-13,0.554,0.559,0.55,0.555,17299200.0,9602607.0
2024-03-14,0.555,0.556,0.54,0.546,15031700.0,8243817.999999999
2024-03-15,0.542,0.549,0.539,0.548,8089100.0,4395479.0
2024-03-18,0.549,0.56,0.545,0.56,13295000.0,7349843.0
2024-03-19,0.556,0.561,0.554,0.554,11549200.0,6424584.0
2024-03-20,0.556,0.556,0.549,0.555,6981600.0,3856225.0
2024-03-21,0.557,0.559,0.543,0.547,9211300.0,5071034.0
2024-03-22,0.547,0.547,0.533,0.535,6017200.0,3235401.0
2024-03-25,0.531,0.531,0.518,0.519,14817500.0,7774871.0
2024-03-26,0.517,0.522,0.51,0.518,29253900.0,15091433.0
2024-03-27,0.516,0.517,0.496,0.496,19869400.0,10085512.0
2024-03-28,0.5,0.509,0.498,0.504,13631700.0,6866092.0
2024-03-29,0.503,0.51,0.501,0.51,14632200.0,7390439.0
2024-04-01,0.512,0.523,0.512,0.522,14118700.0,7346851.0
2024-04-02,0.523,0.528,0.516,0.527,13036400.0,6831198.0
2024-04-03,0.523,0.53,0.522,0.523,9062100.0,4758038.0
2024-04-08,0.52,0.524,0.507,0.507,12252900.0,6283549.0
2024-04-09,0.512,0.53,0.507,0.53,20013500.0,10442443.0
2024-04-10,0.528,0.53,0.516,0.519,13673400.0,7118365.0
2024-04-11,0.514,0.526,0.514,0.519,24389000.0,12692836.0
2024-04-12,0.517,0.517,0.503,0.503,15677500.0,7987444.0
2024-04-15,0.504,0.511,0.492,0.498,21525500.0,10732213.0
2024-04-16,0.495,0.495,0.474,0.476,16172300.0,7814237.0
2024-04-17,0.48,0.498,0.48,0.498,12490100.0,6154478.0
2024-04-18,0.497,0.505,0.489,0.499,12679800.0,6320629.0
2024-04-19,0.498,0.498,0.489,0.492,12766800.0,6273162.0
2024-04-22,0.492,0.496,0.482,0.492,10687200.0,5241872.0
2024-04-23,0.492,0.494,0.486,0.487,10276000.0,5026481.0
2024-04-24,0.487,0.49,0.484,0.49,8474600.0,4127371.0
2024-04-25,0.486,0.499,0.486,0.494,9441900.0,4667940.0
2024-04-26,0.498,0.506,0.492,0.504,8740400.0,4376529.0
2024-04-29,0.508,0.537,0.508,0.537,24212900.0,12827361.0
2024-04-30,0.535,0.535,0.527,0.53,15640200.0,8308208.000000001
2024-05-06,0.535,0.545,0.533,0.544,16017000.0,8672006.0
2024-05-07,0.544,0.552,0.54,0.552,16636000.0,9109259.0
2024-05-08,0.552,0.552,0.539,0.54,12917300.0,7036147.0
2024-05-09,0.541,0.557,0.541,0.554,15090000.0,8350989.0
2024-05-10,0.553,0.556,0.542,0.544,14764700.0,8071063.0
2024-05-13,0.538,0.55,0.533,0.535,15433000.0,8293361.000000001
2024-05-14,0.539,0.542,0.533,0.534,10516800.0,5640577.0
2024-05-15,0.53,0.538,0.53,0.53,10040500.0,5365076.0
2024-05-16,0.529,0.536,0.527,0.528,13207790.0,7014793.0
2024-05-17,0.532,0.537,0.525,0.537,13361500.0,7086313.0
2024-05-20,0.538,0.547,0.535,0.538,10068200.0,5444388.0
2024-05-21,0.541,0.542,0.528,0.531,9166300.0,4870302.0
2024-05-22,0.533,0.535,0.527,0.534,13050700.0,6930018.0
2024-05-23,0.53,0.531,0.522,0.523,15490300.0,8131422.0
2024-05-24,0.52,0.528,0.512,0.512,12441000.0,6427856.0
2024-05-27,0.51,0.517,0.502,0.517,14827500.0,7512443.0
2024-05-28,0.518,0.524,0.512,0.516,10148700.0,5270516.0
2024-05-29,0.514,0.524,0.513,0.517,9978000.0,5165233.0
2024-05-30,0.515,0.522,0.514,0.521,14581400.0,7583864.0
2024-05-31,0.526,0.526,0.521,0.523,8246900.0,4318050.0
2024-06-03,0.522,0.525,0.513,0.517,12635000.0,6543283.0
2024-06-04,0.517,0.517,0.509,0.515,13635300.0,6983809.0
2024-06-05,0.515,0.52,0.512,0.512,10411700.0,5383703.0
2024-06-06,0.516,0.518,0.5,0.502,12500100.0,6338818.0
2024-06-07,0.507,0.508,0.494,0.498,11068600.0,5537945.0
2024-06-11,0.497,0.512,0.492,0.512,13435800.0,6710383.0
2024-06-12,0.513,0.52,0.512,0.515,8224300.0,4246583.0
2024-06-13,0.517,0.526,0.513,0.521,12861500.0,6687497.0
2024-06-14,0.521,0.521,0.511,0.515,16020600.0,8219243.0
2024-06-17,0.515,0.519,0.511,0.516,5972000.0,3079901.0
2024-06-18,0.516,0.52,0.514,0.518,7486900.0,3874920.0
2024-06-19,0.514,0.518,0.508,0.509,10802000.0,5507185.0
2024-06-20,0.513,0.517,0.507,0.507,16847300.0,8627989.0
2024-06-21,0.507,0.507,0.5,0.504,11762100.0,5915134.0
2024-06-24,0.503,0.503,0.484,0.485,10552000.0,5212056.0
2024-06-25,0.48,0.49,0.471,0.474,11460100.0,5498405.0
2024-06-26,0.473,0.486,0.469,0.486,13980300.0,6651606.0
2024-06-27,0.486,0.486,0.472,0.473,10148300.0,4852974.0
2024-06-28,0.473,0.483,0.473,0.475,11411300.0,5455369.0
2024-07-01,0.475,0.477,0.466,0.474,15059800.0,7077149.0
2024-07-02,0.475,0.475,0.468,0.469,11553500.0,5443444.0
2024-07-03,0.468,0.471,0.463,0.466,10750800.0,5020448.0
2024-07-04,0.465,0.477,0.453,0.454,10545500.0,4871613.0
2024-07-05,0.453,0.457,0.448,0.457,13445000.0,6065956.0
2024-07-08,0.455,0.455,0.446,0.448,12342900.0,5560490.0
2024-07-09,0.445,0.458,0.443,0.455,9202700.0,4136810.9999999995
2024-07-10,0.454,0.462,0.453,0.454,11725000.0,5354839.0
2024-07-11,0.46,0.469,0.459,0.467,13597000.0,6343070.0
2024-07-12,0.465,0.468,0.464,0.465,9743400.0,4546943.0
2024-07-15,0.465,0.466,0.459,0.459,5334400.0,2467877.0
2024-07-16,0.462,0.462,0.455,0.46,10731500.0,4908981.0
2024-07-17,0.46,0.462,0.456,0.458,5356400.0,2458394.0
2024-07-18,0.456,0.46,0.449,0.459,10935200.0,4970618.0
2024-07-19,0.459,0.468,0.456,0.466,7170000.0,3316976.0
2024-07-22,0.466,0.47,0.465,0.467,6469300.0,3022036.0
2024-07-23,0.467,0.467,0.452,0.452,10387200.0,4782454.0
2024-07-24,0.451,0.454,0.442,0.444,8760400.0,3921481.0
2024-07-25,0.442,0.451,0.44,0.446,15146000.0,6750440.0
2024-07-26,0.448,0.455,0.448,0.454,10388700.0,4703826.0
2024-07-29,0.456,0.456,0.445,0.446,8199300.0,3677418.0
2024-07-30,0.446,0.449,0.441,0.447,7482100.0,3341324.0
2024-07-31,0.447,0.468,0.447,0.468,11762500.0,5406916.0
2024-08-01,0.469,0.472,0.462,0.465,8290000.0,3862674.0
2024-08-02,0.465,0.467,0.456,0.457,11708100.0,5424500.0
2024-08-05,0.454,0.463,0.445,0.445,7962400.0,3646481.0
2024-08-06,0.448,0.455,0.447,0.452,14820800.0,6686474.0
2024-08-07,0.449,0.454,0.448,0.451,5531800.0,2495312.0
2024-08-08,0.451,0.454,0.444,0.449,8089500.0,3623636.0
2024-08-09,0.452,0.454,0.443,0.443,10941500.0,4905315.0
2024-08-12,0.444,0.444,0.439,0.441,10183100.0,4497618.0
2024-08-13,0.44,0.445,0.439,0.445,10351000.0,4574421.0
2024-08-14,0.444,0.446,0.436,0.437,6289700.0,2773981.0
2024-08-15,0.437,0.444,0.433,0.439,7760700.0,3387328.0
2024-08-16,0.438,0.44,0.434,0.435,7518200.0,3283705.0
2024-08-19,0.434,0.438,0.431,0.432,10790800.0,4688401.0
2024-08-20,0.432,0.432,0.423,0.423,9853100.0,4207372.0
2024-08-21,0.423,0.428,0.423,0.424,6636000.0,2817548.0
2024-08-22,0.424,0.425,0.417,0.417,9820500.0,4137959.0
2024-08-23,0.418,0.42,0.415,0.419,7176000.0,2992998.0
2024-08-26,0.418,0.426,0.418,0.422,5366500.0,2278742.0
2024-08-27,0.42,0.422,0.417,0.418,8076300.0,3381484.0
2024-08-28,0.417,0.423,0.417,0.421,7779400.0,3254938.0
2024-08-29,0.419,0.431,0.419,0.43,7028000.0,2982850.0
2024-08-30,0.43,0.444,0.429,0.438,12182600.0,5338445.0
2024-09-02,0.438,0.438,0.425,0.425,8059800.0,3481807.0
2024-09-03,0.426,0.435,0.425,0.431,8564900.0,3676606.0
2024-09-04,0.428,0.435,0.427,0.431,6666000.0,2867206.0
2024-09-05,0.432,0.436,0.429,0.432,6964200.0,3014528.0
2024-09-06,0.437,0.437,0.421,0.421,2822100.0,1199081.0
2024-09-09,0.421,0.423,0.416,0.418,8626100.0,3629961.0
2024-09-10,0.418,0.42,0.411,0.418,8161000.0,3386106.0
2024-09-11,0.415,0.423,0.415,0.42,10120800.0,4244865.0
2024-09-12,0.421,0.425,0.418,0.418,7551100.0,3168067.0
2024-09-13,0.416,0.417,0.409,0.409,8333800.0,3446065.0
2024-09-18,0.409,0.409,0.4,0.405,10067600.0,4059383.0
2024-09-19,0.406,0.415,0.402,0.408,10405900.0,4250538.0
2024-09-20,0.408,0.408,0.401,0.403,8055800.0,3244216.0
2024-09-23,0.403,0.406,0.401,0.404,4286600.0,1729874.0
2024-09-24,0.407,0.424,0.406,0.424,10192100.0,4220130.0
2024-09-25,0.428,0.436,0.425,0.426,7209100.0,3107647.0
2024-09-26,0.431,0.447,0.425,0.446,12518900.0,5428652.0
2024-09-27,0.447,0.48,0.447,0.48,7102900.0,3267822.0
2024-09-30,0.495,0.576,0.495,0.576,26618900.0,14270523.0
2024-10-08,0.691,0.691,0.623,0.691,239999200.0,161419780.0
2024-10-09,0.669,0.669,0.553,0.585,119250100.0,73751982.0
2024-10-10,0.584,0.624,0.566,0.572,69997700.0,41182052.0
2024-10-11,0.558,0.569,0.528,0.536,52720200.0,28759347.0
2024-10-14,0.536,0.554,0.525,0.55,55893100.0,30153363.0
2024-10-15,0.543,0.557,0.535,0.535,31893400.0,17423613.0
2024-10-16,0.524,0.538,0.522,0.526,33852700.0,17895489.0
2024-10-17,0.527,0.537,0.525,0.526,22296800.0,11869724.0
2024-10-18,0.523,0.597,0.523,0.571,66106590.0,36801942.0
2024-10-21,0.571,0.604,0.568,0.581,58223900.0,34043841.0
2024-10-22,0.571,0.583,0.569,0.578,27477700.0,15815182.0
2024-10-23,0.575,0.596,0.572,0.586,26247700.0,15400756.0
2024-10-24,0.582,0.586,0.576,0.581,15003600.0,8717096.0
2024-10-25,0.583,0.609,0.582,0.601,36705100.0,21935332.0
2024-10-28,0.601,0.606,0.596,0.603,19976700.0,12002564.0
2024-10-29,0.613,0.613,0.588,0.59,20150400.0,12039114.0
2024-10-30,0.584,0.593,0.577,0.584,18055900.0,10553456.0
2024-10-31,0.582,0.599,0.577,0.595,22464100.0,13314554.0
2024-11-01,0.592,0.6,0.578,0.58,15874200.0,9318523.0
2024-11-04,0.58,0.596,0.577,0.593,18908600.0,11174349.0
2024-11-05,0.593,0.622,0.593,0.619,24997400.0,15318733.0
2024-11-06,0.623,0.646,0.622,0.627,23445700.0,14865510.0
2024-11-07,0.622,0.639,0.622,0.638,16200900.0,10229239.0
2024-11-08,0.649,0.669,0.638,0.652,37758500.0,24819806.0
2024-11-11,0.664,0.721,0.652,0.716,60843200.0,41976959.0
2024-11-12,0.72,0.72,0.673,0.695,101494700.0,70385972.0
2024-11-13,0.678,0.692,0.666,0.679,80608900.0,54376740.0
2024-11-14,0.679,0.686,0.651,0.652,43841100.0,29413817.0
2024-11-15,0.65,0.656,0.628,0.63,37664800.0,24265262.0
2024-11-18,0.631,0.639,0.609,0.614,31296500.0,19456936.0
2024-11-19,0.612,0.652,0.611,0.649,36812900.0,23145813.0
2024-11-20,0.643,0.651,0.636,0.647,33351900.0,21441489.0
2024-11-21,0.639,0.651,0.635,0.642,28248000.0,18153041.0
2024-11-22,0.64,0.647,0.612,0.616,26357300.0,16542518.0
2024-11-25,0.612,0.62,0.606,0.619,21337600.0,13086106.0
2024-11-26,0.617,0.619,0.601,0.602,19364700.0,11775745.0
2024-11-27,0.6,0.618,0.588,0.618,28437800.0,17188640.0
2024-11-28,0.617,0.623,0.609,0.611,19148500.0,11785034.0
2024-11-29,0.608,0.632,0.605,0.624,26877400.0,16684029.999999998
2024-12-02,0.628,0.637,0.618,0.635,18930700.0,11928055.0
2024-12-03,0.635,0.639,0.625,0.632,13902900.0,8776746.0
2024-12-04,0.632,0.636,0.617,0.621,13948000.0,8713826.0
2024-12-05,0.621,0.628,0.616,0.626,7843700.0,4890553.0
2024-12-06,0.625,0.635,0.614,0.63,15881900.0,9962011.0
2024-12-09,0.629,0.633,0.62,0.626,11318500.0,7092080.0
2024-12-10,0.646,0.655,0.631,0.631,27290800.0,17523195.0
2024-12-11,0.631,0.635,0.629,0.632,9139900.0,5772394.0
2024-12-12,0.636,0.636,0.625,0.633,13526300.0,8519840.0
2024-12-13,0.63,0.63,0.614,0.615,22498100.0,13911544.0
2024-12-16,0.614,0.615,0.598,0.601,18985000.0,11482378.0
2024-12-17,0.6,0.606,0.594,0.596,18351300.0,11019455.0
2024-12-18,0.601,0.604,0.592,0.597,6291710.0,3761472.0
2024-12-19,0.59,0.597,0.587,0.596,10906800.0,6465624.0
2024-12-20,0.597,0.609,0.592,0.604,17013000.0,10235431.0
2024-12-23,0.602,0.603,0.584,0.585,17985200.0,10619365.0
2024-12-24,0.586,0.593,0.584,0.592,8815200.0,5195034.0
2024-12-25,0.597,0.597,0.58,0.585,9284200.0,5431439.0
2024-12-26,0.587,0.59,0.584,0.585,6735700.0,3956527.0
2024-12-27,0.583,0.595,0.582,0.584,12412400.0,7293674.0
2024-12-30,0.583,0.587,0.575,0.582,6621500.0,3850707.0
2024-12-31,0.586,0.586,0.562,0.562,12767900.0,7274370.0
2025-01-02,0.562,0.564,0.541,0.547,13038500.0,7203944.0
2025-01-03,0.548,0.552,0.533,0.535,11420100.0,6189665.0
2025-01-06,0.537,0.541,0.53,0.535,7828400.0,4181794.0
2025-01-07,0.536,0.54,0.529,0.54,15641400.0,8372129.000000001
2025-01-08,0.538,0.542,0.521,0.537,12565900.0,6722792.0
2025-01-09,0.535,0.545,0.535,0.541,12977300.0,7027635.0
2025-01-10,0.541,0.55,0.532,0.533,10992300.0,5949627.0
2025-01-13,0.53,0.543,0.529,0.538,7012300.0,3769018.0
2025-01-14,0.539,0.563,0.539,0.563,17615100.0,9756501.0
2025-01-15,0.561,0.562,0.555,0.559,4942800.0,2762637.0
2025-01-16,0.559,0.569,0.555,0.56,7810600.0,4392113.0
2025-01-17,0.559,0.57,0.557,0.566,9610900.0,5428697.0
2025-01-20,0.568,0.571,0.563,0.565,11744500.0,6646673.0
2025-01-21,0.568,0.568,0.558,0.564,7962600.0,4475214.0
2025-01-22,0.564,0.564,0.555,0.56,4259500.0,2379645.0
2025-01-23,0.563,0.572,0.559,0.56,7782300.0,4413100.0
2025-01-24,0.559,0.569,0.555,0.567,5858900.0,3308725.0
2025-01-27,0.567,0.572,0.559,0.559,6280200.0,3543610.0
2025-02-05,0.562,0.564,0.556,0.559,9029000.0,5043403.0
2025-02-06,0.555,0.576,0.555,0.576,12943100.0,7393650.0
2025-02-07,0.576,0.592,0.575,0.585,14631200.0,8541501.0
2025-02-10,0.583,0.586,0.575,0.585,9406500.0,5464036.0
2025-02-11,0.585,0.585,0.573,0.577,5702900.0,3285171.0
2025-02-12,0.574,0.586,0.572,0.585,10137400.0,5858211.0
2025-02-13,0.583,0.591,0.579,0.579,11408400.0,6689656.0
2025-02-14,0.578,0.586,0.577,0.58,8811600.0,5115444.0
2025-02-17,0.58,0.586,0.58,0.584,7560300.0,4405127.0
2025-02-18,0.585,0.591,0.574,0.576,14914000.0,8710128.0
2025-02-19,0.575,0.602,0.575,0.601,26465500.0,15638662.0
2025-02-20,0.602,0.607,0.596,0.605,14278800.0,8577401.0
2025-02-21,0.605,0.624,0.603,0.621,19985200.0,12287165.0
2025-02-24,0.621,0.634,0.617,0.628,34350300.0,21504076.0
2025-02-25,0.627,0.636,0.619,0.633,24068300.0,15148765.0
2025-02-26,0.63,0.641,0.628,0.639,11179700.0,7103915.0
2025-02-27,0.639,0.645,0.632,0.642,24022000.0,15357901.0
2025-02-28,0.642,0.643,0.621,0.622,27548700.0,17371706.0
2025-03-03,0.624,0.646,0.624,0.632,20830300.0,13290926.0
2025-03-04,0.633,0.634,0.623,0.633,19549300.0,12321971.0
2025-03-05,0.632,0.634,0.626,0.633,16299200.0,10263025.0
2025-03-06,0.635,0.646,0.632,0.642,47084300.0,30123421.0
2025-03-07,0.642,0.647,0.635,0.64,20027000.0,12809383.0
2025-03-10,0.637,0.643,0.634,0.639,18309600.0,11724082.0
2025-03-11,0.63,0.645,0.629,0.639,15091700.0,9634596.0
2025-03-12,0.642,0.646,0.639,0.64,7547500.0,4844046.0
2025-03-13,0.64,0.646,0.626,0.63,10692900.0,6753602.0
2025-03-14,0.63,0.641,0.626,0.638,9780600.0,6222145.0
2025-03-17,0.645,0.645,0.635,0.642,8547700.0,5476524.0
2025-03-18,0.642,0.653,0.642,0.646,10204800.0,6610724.0
2025-03-19,0.643,0.652,0.634,0.636,7225700.0,4609104.0
2025-03-20,0.636,0.637,0.63,0.632,4738000.0,2999352.0
2025-03-21,0.63,0.631,0.619,0.621,13838500.0,8615384.0
2025-03-24,0.618,0.623,0.606,0.616,6300400.0,3873159.0
2025-03-25,0.616,0.622,0.615,0.618,13085700.0,8099041.0
2025-03-26,0.62,0.625,0.616,0.617,8585300.0,5343184.0
2025-03-27,0.617,0.626,0.607,0.618,7192700.0,4445950.0
2025-03-28,0.624,0.624,0.612,0.613,9325400.0,5745560.0
2025-03-31,0.613,0.617,0.605,0.612,5072000.0,3093651.0
2025-04-01,0.609,0.623,0.609,0.618,8522400.0,5279990.0
2025-04-02,0.616,0.625,0.616,0.619,4613100.0,2861615.0
2025-04-03,0.613,0.622,0.605,0.608,6643100.0,4057576.0
2025-04-07,0.599,0.608,0.511,0.529,9763800.0,5406032.0
2025-04-08,0.532,0.554,0.531,0.541,10710700.0,5779879.0
2025-04-09,0.54,0.565,0.515,0.555,10296700.0,5673140.0
2025-04-10,0.56,0.581,0.56,0.571,10665400.0,6109562.0
2025-04-11,0.57,0.594,0.561,0.588,15034000.0,8802968.0
2025-04-14,0.592,0.598,0.589,0.592,14116100.0,8384827.999999999
2025-04-15,0.592,0.592,0.585,0.59,4685600.0,2757254.0
2025-04-16,0.591,0.591,0.577,0.586,7235500.0,4220747.0
2025-04-17,0.581,0.595,0.581,0.59,5709800.0,3377506.0
2025-04-18,0.586,0.594,0.586,0.591,8436800.0,4979052.0
2025-04-21,0.591,0.602,0.588,0.602,9371000.0,5613919.0
2025-04-22,0.601,0.603,0.594,0.599,19236100.0,11526212.0
2025-04-23,0.601,0.604,0.597,0.6,13412000.0,8046062.0
2025-04-24,0.601,0.601,0.59,0.593,13120900.0,7802315.0
2025-04-25,0.592,0.596,0.587,0.593,8093600.0,4789066.0
2025-04-28,0.593,0.593,0.587,0.589,6285100.0,3702989.0
2025-04-29,0.593,0.597,0.592,0.595,8178400.0,4862136.0
2025-04-30,0.594,0.599,0.593,0.597,7831300.0,4675138.0
2025-05-06,0.598,0.615,0.598,0.615,14420000.0,8804558.0
2025-05-07,0.616,0.625,0.61,0.615,8702800.0,5367411.0
2025-05-08,0.611,0.622,0.611,0.619,6608600.0,4083534.0
2025-05-09,0.615,0.616,0.605,0.608,6305200.0,3842274.0
2025-05-12,0.608,0.618,0.608,0.616,5215600.0,3207550.0
2025-05-13,0.619,0.621,0.61,0.61,4807100.0,2951940.0
2025-05-14,0.61,0.616,0.608,0.611,8333900.0,5095127.0
2025-05-15,0.612,0.612,0.603,0.603,4861400.0,2941467.0
2025-05-16,0.603,0.609,0.601,0.603,4799700.0,2906304.0
2025-05-19,0.601,0.604,0.594,0.604,7995900.0,4804943.0
2025-05-20,0.602,0.605,0.6,0.604,7508500.0,4527384.0
2025-05-21,0.608,0.61,0.602,0.608,6197200.0,3759951.0
2025-05-22,0.607,0.611,0.597,0.598,5133100.0,3092056.0
2025-05-23,0.605,0.605,0.591,0.593,5289600.0,3149313.0
2025-05-26,0.593,0.598,0.59,0.595,12827500.0,7610703.0
2025-05-27,0.593,0.596,0.589,0.594,10629900.0,6305213.0
2025-05-28,0.596,0.596,0.591,0.592,3116300.0,1846553.0
2025-05-29,0.593,0.601,0.592,0.6,11599900.0,6913022.0
2025-05-30,0.599,0.599,0.591,0.592,7480800.0,4452455.0
2025-06-03,0.592,0.596,0.589,0.595,1769500.0,1050707.0
2025-06-04,0.598,0.6,0.595,0.597,6056500.0,3617712.0
2025-06-05,0.598,0.603,0.595,0.602,4720900.0,2829431.0
2025-06-06,0.603,0.605,0.602,0.604,12692500.0,7664820.0
2025-06-09,0.606,0.613,0.605,0.613,5564600.0,3398137.0
2025-06-10,0.612,0.614,0.6,0.604,8693300.0,5261993.0
2025-06-11,0.609,0.613,0.608,0.61,5374300.0,3284661.0
2025-06-12,0.616,0.616,0.607,0.612,5353800.0,3268705.0
2025-06-13,0.612,0.613,0.605,0.606,8633000.0,5264077.0
2025-06-16,0.607,0.608,0.603,0.606,6768400.0,4098966.9999999995
2025-06-17,0.61,0.61,0.603,0.605,6333700.0,3837019.0
2025-06-18,0.607,0.608,0.6,0.606,2661100.0,1607253.0
2025-06-19,0.608,0.612,0.599,0.602,6039100.0,3646395.0
2025-06-20,0.609,0.61,0.601,0.601,5868200.0,3547269.0
2025-06-23,0.593,0.613,0.593,0.61,5929800.0,3608754.0
2025-06-24,0.607,0.63,0.607,0.63,9889800.0,6154653.0
2025-06-25,0.629,0.638,0.629,0.638,13184700.0,8340496.999999999
2025-06-26,0.642,0.644,0.634,0.635,11847700.0,7556122.0
2025-06-27,0.637,0.642,0.634,0.634,3426500.0,2183852.0
2025-06-30,0.634,0.645,0.634,0.644,5493600.0,3528946.0
2025-07-01,0.649,0.65,0.641,0.648,11601000.0,7509215.0
2025-07-02,0.647,0.647,0.638,0.64,11823800.0,7576106.0
2025-07-03,0.646,0.647,0.637,0.645,6635700.0,4253524.0
2025-07-04,0.646,0.646,0.634,0.636,8189900.0,5223486.0
2025-07-07,0.639,0.64,0.634,0.636,6930500.0,4424312.0
2025-07-08,0.637,0.646,0.636,0.642,5444200.0,3499248.0
2025-07-09,0.644,0.644,0.637,0.639,4568600.0,2923969.0
2025-07-10,0.639,0.643,0.634,0.638,3198300.0,2042522.0
2025-07-11,0.636,0.644,0.634,0.64,6160800.0,3942721.0
2025-07-14,0.64,0.645,0.64,0.644,3037500.0,1953692.0
2025-07-15,0.647,0.65,0.635,0.639,9671100.0,6216531.0
2025-07-16,0.639,0.643,0.638,0.638,12689300.0,8119693.0
2025-07-17,0.64,0.649,0.64,0.649,6737400.0,4344387.0
2025-07-18,0.651,0.656,0.648,0.651,7854700.0,5111225.0
2025-07-21,0.651,0.654,0.648,0.653,6303300.0,4104970.0000000005
2025-07-22,0.654,0.663,0.652,0.66,13347900.0,8808930.0
2025-07-23,0.665,0.665,0.655,0.659,8565200.0,5647792.0
2025-07-24,0.655,0.669,0.655,0.668,7947200.0,5289322.0
2025-07-25,0.668,0.676,0.666,0.674,10777100.0,7230727.0
2025-07-28,0.675,0.684,0.671,0.683,7605700.0,5173238.0
2025-07-29,0.68,0.692,0.68,0.692,8264100.0,5676166.0
2025-07-30,0.691,0.692,0.676,0.681,12567500.0,8612167.0
2025-07-31,0.681,0.688,0.668,0.669,9946900.0,6733833.0
2025-08-01,0.669,0.677,0.667,0.671,5892700.0,3957897.0
2025-08-04,0.667,0.679,0.663,0.677,19580300.0,13085553.0
2025-08-05,0.677,0.684,0.676,0.682,8507900.0,5790307.0
2025-08-06,0.683,0.692,0.68,0.691,8268000.0,5687040.0
2025-08-07,0.693,0.693,0.683,0.687,21839700.0,15022311.0
2025-08-08,0.685,0.685,0.68,0.683,9696500.0,6613082.0
2025-08-11,0.682,0.699,0.682,0.695,10833600.0,7526311.0
2025-08-12,0.695,0.696,0.685,0.694,8692800.0,6000133.0
2025-08-13,0.692,0.714,0.692,0.713,19935800.0,14132796.0
2025-08-14,0.713,0.716,0.694,0.696,14727900.0,10331928.0
2025-08-15,0.694,0.72,0.693,0.72,17654500.0,12569889.0
2025-08-18,0.723,0.747,0.723,0.747,20773700.0,15276236.0
2025-08-19,0.74,0.742,0.729,0.736,20139400.0,14827629.0
2025-08-20,0.736,0.745,0.723,0.744,8756900.0,6424989.0
2025-08-21,0.746,0.749,0.728,0.733,16522200.0,12173756.0
2025-08-22,0.733,0.76,0.733,0.758,17652100.0,13196364.0
2025-08-25,0.786,0.786,0.755,0.766,22875900.0,17512347.0
2025-08-26,0.76,0.771,0.756,0.763,13643200.0,10445987.0
2025-08-27,0.764,0.779,0.748,0.748,19372500.0,14780733.0
2025-08-28,0.748,0.77,0.742,0.769,15419500.0,11654001.0
2025-08-29,0.772,0.778,0.755,0.777,14091300.0,10821374.0
2025-09-01,0.78,0.791,0.774,0.79,11303700.0,8869608.0
2025-09-02,0.79,0.795,0.766,0.774,11698800.0,9091807.0
2025-09-03,0.772,0.78,0.757,0.76,10465200.0,8032196.0
2025-09-04,0.762,0.774,0.721,0.735,15166500.0,11290437.0
2025-09-05,0.739,0.782,0.728,0.78,16137100.0,12374677.0
2025-09-08,0.787,0.805,0.782,0.804,19171200.0,15185305.0
2025-09-09,0.804,0.804,0.786,0.79,13909300.0,11072932.0
2025-09-10,0.786,0.8,0.776,0.789,11548800.0,9126488.0
2025-09-11,0.789,0.82,0.778,0.819,14057800.0,11322184.0
2025-09-12,0.816,0.822,0.806,0.813,11546200.0,9403461.0
2025-09-15,0.815,0.819,0.807,0.807,7674000.0,6231084.0
2025-09-16,0.812,0.812,0.795,0.807,10317300.0,8280422.000000001
2025-09-17,0.807,0.816,0.798,0.812,10786600.0,8735973.0
2025-09-18,0.812,0.831,0.794,0.812,26171200.0,21318565.0
2025-09-19,0.81,0.825,0.805,0.81,14121600.0,11520364.0
2025-09-22,0.81,0.813,0.801,0.811,46745600.0,37802281.0
2025-09-23,0.811,0.817,0.788,0.814,58065900.0,46499033.0
2025-09-24,0.812,0.862,0.795,0.86,34494800.0,28812586.0
2025-09-25,0.854,0.868,0.851,0.859,13013600.0,11186658.0
2025-09-26,0.854,0.866,0.849,0.853,11112400.0,9499279.0
2025-09-29,0.853,0.875,0.853,0.874,12151300.0,10518062.0
2025-09-30,0.87,0.893,0.87,0.888,7791800.0,6911456.0
2025-10-09,0.899,0.932,0.899,0.927,15399500.0,14171949.0
2025-10-10,0.907,0.927,0.871,0.88,30712300.0,27236809.0
2025-10-13,0.833,0.895,0.832,0.887,10738400.0,9301306.0
2025-10-14,0.894,0.899,0.85,0.856,18163300.0,15874902.0
2025-10-15,0.852,0.858,0.835,0.857,13264500.0,11208050.0
2025-10-16,0.854,0.854,0.834,0.837,9309600.0,7853505.0
2025-10-17,0.836,0.843,0.801,0.802,11954500.0,9776812.0
2025-10-20,0.812,0.824,0.8,0.807,8300700.0,6732546.0
2025-10-21,0.81,0.824,0.806,0.822,12755200.0,10423947.0
2025-10-22,0.822,0.822,0.805,0.817,9946800.0,8114140.0
2025-10-23,0.815,0.817,0.795,0.816,9657000.0,7769754.0
2025-10-24,0.82,0.842,0.817,0.841,9711700.0,8090065.0
2025-10-27,0.854,0.866,0.844,0.853,13982500.0,11961965.0
2025-10-28,0.855,0.87,0.846,0.862,22777300.0,19639144.0
2025-10-29,0.86,0.88,0.856,0.88,17288700.0,15068971.0
2025-10-30,0.874,0.882,0.864,0.867,14082700.0,12281425.0
2025-10-31,0.866,0.876,0.849,0.85,14568200.0,12560995.0
2025-11-03,0.847,0.849,0.816,0.839,12896200.0,10704101.0
2025-11-04,0.837,0.842,0.818,0.825,6760100.0,5609940.0
2025-11-05,0.817,0.834,0.811,0.831,6781100.0,5564619.0
2025-11-06,0.835,0.85,0.835,0.848,9648200.0,8158672.0
2025-11-07,0.848,0.864,0.835,0.857,10197800.0,8692056.0
2025-11-10,0.855,0.869,0.847,0.853,10941500.0,9380546.0
2025-11-11,0.855,0.868,0.855,0.863,12251100.0,10565534.0
2025-11-12,0.853,0.855,0.834,0.842,10312900.0,8678117.0
2025-11-13,0.842,0.882,0.842,0.869,22712500.0,19758067.0
2025-11-14,0.865,0.873,0.857,0.863,10326000.0,8955469.0
2025-11-17,0.866,0.884,0.866,0.875,12736700.0,11120589.0
